symbol,timeframe,signal_type,entry_price,tp_target,sl_target,exit_price,exit_reason,timeout_price,pnl_pct,result,timeout_result,hold_bars,mfe,mae,fired_time,achieved_rr,score,confidence
AAVE-USDT,15min,LONG,118.40728899999999,122.835894,117.94764614,117.94764614,SL,,-0.3881879771776451,LOSS,,1,-0.28063221682238565,-1.0770358909238997,2026-02-22T16:58:05.548514,9.63488261299247,13,75.0
AAVE-USDT,15min,LONG,118.40728899999999,122.835894,117.94764614,117.94764614,SL,,-0.3881879771776451,LOSS,,1,-0.28063221682238565,-1.0770358909238997,2026-02-22T16:58:35.358186,9.63488261299247,13,75.0
AIN-USDT,15min,LONG,0.032452419999999996,0.03287048,0.03231313,0.03231313,SL,,-0.42921298319198786,LOSS,,1,0.3006863586752755,-1.424916847495497,2026-02-22T16:41:06.681053,3.0014564102563908,13,74.4
AIN-USDT,15min,LONG,0.03244241,0.03287048,0.0323017,0.0323017,SL,,-0.4337224022506198,LOSS,,1,0.3316338089556375,-1.3945018264672702,2026-02-22T16:41:46.018389,3.042121827411187,13,74.4
AIN-USDT,15min,LONG,0.032462429999999994,0.03287048,0.03232172,0.03232172,SL,,-0.4334549200413996,LOSS,,1,0.2697579940873467,-1.4553131111872895,2026-02-22T16:42:47.053972,2.899847715736091,13,74.4
AIN-USDT,15min,LONG,0.03247243999999999,0.03287048,0.03232101,0.03232101,SL,,-0.46633391269640995,LOSS,,2,0.02328128098784882,-1.7320533966649583,2026-02-22T16:54:20.149910,2.6285660377358795,13,75.0
AIN-USDT,15min,LONG,0.032462429999999994,0.03287048,0.032311,0.032311,SL,,-0.4664777097709386,LOSS,,2,0.05412410592801714,-1.7017518405122254,2026-02-22T16:54:43.568139,2.69466981132077,13,75.0
AIN-USDT,15min,LONG,0.03250247,0.03287048,0.03234747,0.03234747,SL,,-0.476886833523715,LOSS,,2,-0.06913320741468774,-1.8228460790825982,2026-02-22T16:56:39.417472,2.3742580645161055,14,80.6
AIN-USDT,15min,LONG,0.032612579999999995,0.03287048,0.03245758,0.03245758,SL,,-0.475276718370627,LOSS,,1,-0.4065302407843638,-2.154322043824789,2026-02-22T16:57:30.155321,1.6638709677419448,14,80.6
AIN-USDT,15min,LONG,0.032612579999999995,0.03287048,0.03245758,0.03245758,SL,,-0.475276718370627,LOSS,,1,-0.4065302407843638,-2.154322043824789,2026-02-22T16:58:03.515235,1.6638709677419448,14,80.6
AIN-USDT,15min,LONG,0.032612579999999995,0.03287048,0.03245472,0.03245472,SL,,-0.48404634039991873,LOSS,,1,-0.4065302407843638,-2.154322043824789,2026-02-22T17:00:11.199416,1.6337260864057535,13,77.2
AIN-USDT,15min,LONG,0.032612579999999995,0.03287048,0.03245472,0.03245472,SL,,-0.48404634039991873,LOSS,,1,-0.4065302407843638,-2.154322043824789,2026-02-22T17:00:37.855130,1.6337260864057535,13,77.2
AIN-USDT,15min,LONG,0.03263259999999999,0.03287048,0.03247474,0.03247474,SL,,-0.4837493794548669,LOSS,,1,-0.46763052898018825,-2.214350067110773,2026-02-22T17:01:34.988106,1.5069048524010298,13,77.2
AIN-USDT,15min,LONG,0.03263259999999999,0.03287048,0.03247474,0.03247474,SL,,-0.4837493794548669,LOSS,,1,-0.46763052898018825,-2.214350067110773,2026-02-22T17:03:40.085466,1.5069048524010298,13,77.2
AIN-USDT,15min,LONG,0.03262259,0.03287048,0.03246473,0.03246473,SL,,-0.4838978143672919,LOSS,,1,-0.4370897589676295,-2.1843452650448634,2026-02-22T17:04:00.955820,1.5703154694032455,13,77.2
AIN-USDT,30min,LONG,0.03254251,0.03298838,0.03222608,0.03222608,SL,,-0.9723589237584916,LOSS,,3,-0.1920872114658482,-2.0358294427811443,2026-02-22T16:56:41.980293,1.4090636159656218,13,75.2
AUCTION-USDT,1h,LONG,4.96496,5.25444,4.93353143,4.93353143,SL,,-0.6330075166768556,LOSS,,1,-0.5027230833682287,-1.7111920337726731,2026-02-22T15:54:49.777448,9.21072769139695,13,75.0
AUCTION-USDT,1h,LONG,4.96496,5.25444,4.93353143,4.93353143,SL,,-0.6330075166768556,LOSS,,1,-0.5027230833682287,-1.7111920337726731,2026-02-22T15:55:33.361098,9.21072769139695,13,75.0
AUCTION-USDT,1h,LONG,4.96496,5.25444,4.93353143,4.93353143,SL,,-0.6330075166768556,LOSS,,1,-0.5027230833682287,-1.7111920337726731,2026-02-22T15:55:48.308325,9.21072769139695,13,75.0
AUCTION-USDT,1h,LONG,4.96496,5.25444,4.93353143,4.93353143,SL,,-0.6330075166768556,LOSS,,1,-0.5027230833682287,-1.7111920337726731,2026-02-22T16:05:39.976805,9.21072769139695,13,75.0
AUCTION-USDT,1h,LONG,4.96496,5.25444,4.93353143,4.93353143,SL,,-0.6330075166768556,LOSS,,1,-0.5027230833682287,-1.7111920337726731,2026-02-22T16:07:28.497718,9.21072769139695,13,75.0
AUCTION-USDT,1h,LONG,4.96496,5.25444,4.93353143,4.93353143,SL,,-0.6330075166768556,LOSS,,1,-0.5027230833682287,-1.7111920337726731,2026-02-22T16:07:45.556532,9.21072769139695,13,75.0
AUCTION-USDT,30min,LONG,4.954949999999999,5.10794,4.92352143,4.92352143,SL,,-0.6342863197408494,LOSS,,6,0.10191828373647899,-1.5126287853560463,2026-02-22T15:36:30.222731,4.867863857630325,13,75.0
AUCTION-USDT,30min,LONG,4.954949999999999,5.10794,4.92352143,4.92352143,SL,,-0.6342863197408494,LOSS,,6,0.10191828373647899,-1.5126287853560463,2026-02-22T15:36:37.801379,4.867863857630325,13,75.0
AUCTION-USDT,30min,LONG,4.954949999999999,5.10794,4.92352143,4.92352143,SL,,-0.6342863197408494,LOSS,,6,0.10191828373647899,-1.5126287853560463,2026-02-22T15:37:25.580803,4.867863857630325,13,75.0
AUCTION-USDT,30min,LONG,4.954949999999999,5.10794,4.92352143,4.92352143,SL,,-0.6342863197408494,LOSS,,6,0.10191828373647899,-1.5126287853560463,2026-02-22T15:42:29.895971,4.867863857630325,13,75.0
AUCTION-USDT,30min,LONG,4.954949999999999,5.10794,4.92352143,4.92352143,SL,,-0.6342863197408494,LOSS,,6,0.10191828373647899,-1.5126287853560463,2026-02-22T15:42:46.467369,4.867863857630325,13,75.0
AUCTION-USDT,30min,LONG,4.94494,5.10794,4.91351143,4.91351143,SL,,-0.6355703001452009,LOSS,,10,0.3045537458492939,-1.3132616371482768,2026-02-22T15:43:28.064740,5.1863638721074405,13,75.0
AUCTION-USDT,30min,LONG,4.96496,5.10794,4.93353143,4.93353143,SL,,-0.6330075166768556,LOSS,,3,-0.09990009990009248,-1.7111920337726731,2026-02-22T15:48:32.488226,4.549363843153033,13,75.0
AUCTION-USDT,30min,LONG,4.96496,5.10794,4.93353143,4.93353143,SL,,-0.6330075166768556,LOSS,,3,-0.09990009990009248,-1.7111920337726731,2026-02-22T15:49:17.676042,4.549363843153033,13,75.0
AUCTION-USDT,30min,LONG,4.96496,5.10794,4.93353143,4.93353143,SL,,-0.6330075166768556,LOSS,,3,-0.09990009990009248,-1.7111920337726731,2026-02-22T15:49:29.963639,4.549363843153033,13,75.0
AUCTION-USDT,30min,LONG,4.96496,5.10794,4.93281714,4.93281714,SL,,-0.6473941381199355,LOSS,,3,-0.09990009990009248,-1.7111920337726731,2026-02-22T15:54:47.451698,4.448266666666638,13,75.0
AUCTION-USDT,30min,LONG,4.96496,5.10794,4.93281714,4.93281714,SL,,-0.6473941381199355,LOSS,,3,-0.09990009990009248,-1.7111920337726731,2026-02-22T15:55:30.704908,4.448266666666638,13,75.0
AUCTION-USDT,30min,LONG,4.96496,5.10794,4.93281714,4.93281714,SL,,-0.6473941381199355,LOSS,,3,-0.09990009990009248,-1.7111920337726731,2026-02-22T15:55:45.947489,4.448266666666638,13,75.0
AUCTION-USDT,30min,LONG,4.974969999999999,5.10794,4.94282714,4.94282714,SL,,-0.6460915342202801,LOSS,,3,-0.3009063371236217,-1.908956234911952,2026-02-22T16:01:14.856516,4.136844444444438,13,75.0
AUCTION-USDT,30min,LONG,4.974969999999999,5.10794,4.94282714,4.94282714,SL,,-0.6460915342202801,LOSS,,3,-0.3009063371236217,-1.908956234911952,2026-02-22T16:01:37.977658,4.136844444444438,13,75.0
AUCTION-USDT,30min,LONG,4.96496,5.10794,4.93281714,4.93281714,SL,,-0.6473941381199355,LOSS,,3,-0.09990009990009248,-1.7111920337726731,2026-02-22T16:02:30.429300,4.448266666666638,13,75.0
AUCTION-USDT,30min,LONG,4.96496,5.10794,4.93281714,4.93281714,SL,,-0.6473941381199355,LOSS,,3,-0.09990009990009248,-1.7111920337726731,2026-02-22T16:07:26.033275,4.448266666666638,13,75.0
AUCTION-USDT,30min,LONG,4.96496,5.10794,4.93281714,4.93281714,SL,,-0.6473941381199355,LOSS,,3,-0.09990009990009248,-1.7111920337726731,2026-02-22T16:07:43.166053,4.448266666666638,13,75.0
BIO-USDT,15min,LONG,0.027387359999999996,0.0295168,0.02720522,0.02720522,SL,,-0.6650513229460501,LOSS,,1,2.6020762862868274,-2.071612597928373,2026-02-22T11:33:40.754078,11.691043137254967,13,76.6
BIO-USDT,15min,LONG,0.027697669999999997,0.0295168,0.02747624,0.02747624,SL,,-0.7994535280404388,LOSS,,1,1.4525770579258215,-3.1687502956024716,2026-02-22T11:36:12.978226,8.215372804046504,13,77.2
BIO-USDT,15min,LONG,0.027737709999999995,0.0295168,0.02751628,0.02751628,SL,,-0.7982994991295054,LOSS,,1,1.3061280112886202,-3.3085283536384056,2026-02-22T11:36:28.283705,8.034548164205603,13,77.2
BIO-USDT,15min,LONG,0.027737709999999995,0.0295168,0.02751628,0.02751628,SL,,-0.7982994991295054,LOSS,,1,1.3061280112886202,-3.3085283536384056,2026-02-22T11:36:32.663299,8.034548164205603,13,77.2
BIO-USDT,15min,LONG,0.02800798,0.0295168,0.02777869,0.02777869,SL,,-0.8186595391741803,LOSS,,1,-2.2064425924325755,-4.241576864879217,2026-02-22T11:41:47.961173,6.580400366348395,14,81.4
BIO-USDT,15min,LONG,0.02800798,0.0295168,0.02777869,0.02777869,SL,,-0.8186595391741803,LOSS,,1,-2.2064425924325755,-4.241576864879217,2026-02-22T11:41:57.858124,6.580400366348395,14,81.4
BIO-USDT,15min,LONG,0.027967939999999997,0.0295168,0.02773865,0.02773865,SL,,-0.8198315642839502,LOSS,,1,-2.06643749950835,-4.1044853500114655,2026-02-22T11:42:00.309419,6.755026385799755,14,81.4
BIO-USDT,15min,LONG,0.028128099999999996,0.0295168,0.0278881,0.0278881,SL,,-0.8532392874029784,LOSS,,1,-2.6240663251339233,-4.650509632716025,2026-02-22T11:44:36.124268,5.786249999999998,14,81.4
BIO-USDT,15min,LONG,0.028128099999999996,0.0295168,0.0278881,0.0278881,SL,,-0.8532392874029784,LOSS,,1,-2.6240663251339233,-4.650509632716025,2026-02-22T11:44:39.202685,5.786249999999998,14,81.4
BIO-USDT,15min,LONG,0.02811809,0.0295168,0.02787809,0.02787809,SL,,-0.853543039374286,LOSS,,1,-2.589400631408454,-4.616565349922411,2026-02-22T11:44:43.304615,5.827958333333322,14,81.4
BIO-USDT,1h,LONG,0.028027999999999997,0.03233598,0.02729943,0.02729943,SL,,-2.599436278007699,LOSS,,1,-1.812473241044663,-4.809476238047662,2026-02-22T11:41:50.044673,5.912913725490196,13,74.1
BIO-USDT,1h,LONG,0.027967939999999997,0.03233598,0.02723937,0.02723937,SL,,-2.605018460422891,LOSS,,1,-1.601619568691857,-4.605058506275393,2026-02-22T11:42:00.057377,5.995349019607843,13,74.1
BIO-USDT,1h,LONG,0.027967939999999997,0.03233598,0.02723937,0.02723937,SL,,-2.605018460422891,LOSS,,1,-1.601619568691857,-4.605058506275393,2026-02-22T11:42:02.643118,5.995349019607843,13,74.1
BNB-USDT,15min,LONG,624.9413169999999,631.238458,624.06738843,624.06738843,SL,,-0.13984170132887244,LOSS,,1,-0.06485680958744615,-1.8115808143950756,2026-02-22T11:37:34.013555,7.205555700858395,13,77.7
BNB-USDT,15min,LONG,624.6740499999999,631.238458,623.80012143,623.80012143,SL,,-0.13990153264728414,LOSS,,1,-0.022099525344442823,-1.7695708665983245,2026-02-22T11:37:48.515786,7.511378177360306,13,77.7
BNB-USDT,15min,LONG,624.642018,631.238458,623.76808943,623.76808943,SL,,-0.139908706877925,LOSS,,1,-0.01697260141729095,-1.764533554001166,2026-02-22T11:37:51.833487,7.548031058439,13,77.7
BNB-USDT,15min,LONG,624.426803,631.238458,623.55287443,623.55287443,SL,,-0.13995692782585048,LOSS,,1,0.017487558105348446,-1.730675708998985,2026-02-22T11:40:24.888684,7.79429260318774,13,77.7
BNB-USDT,15min,LONG,624.5198959999999,631.238458,623.64596743,623.64596743,SL,,-0.13993606538355377,LOSS,,1,0.0025786208098710754,-1.7453240592994494,2026-02-22T11:40:35.317401,7.68777016755232,13,77.7
BNB-USDT,15min,LONG,624.5198959999999,631.238458,623.64596743,623.64596743,SL,,-0.13993606538355377,LOSS,,1,0.0025786208098710754,-1.7453240592994494,2026-02-22T11:40:40.175430,7.68777016755232,13,77.7
BTC-USDT,15min,LONG,67781.41369999999,68398.8198,67594.32798571,67594.32798571,SL,,-0.2760132963853944,LOSS,,1,-0.11701393593091175,-0.8725307834645977,2026-02-22T15:42:24.435104,3.300124236332658,13,77.4
BTC-USDT,15min,LONG,67850.88309999999,68398.8198,67663.79738571,67663.79738571,SL,,-0.27573069905996744,LOSS,,1,-0.21927953359237268,-0.9740228421581029,2026-02-22T15:44:29.807040,2.9288003206416873,14,80.8
BTC-USDT,15min,LONG,67845.2775,68398.8198,67658.19178571,67658.19178571,SL,,-0.27575348083732326,LOSS,,1,-0.2110353222447807,-0.9658409901853472,2026-02-22T15:44:44.949491,2.958763057354478,14,80.8
BTC-USDT,1h,SHORT,67673.15909999999,66358.8252,68697.2,67427.8,TIMEOUT,67427.8,0.3625648680556232,WIN,TIMEOUT_WIN,5,0.7139597240998166,-0.20693714001598495,2026-02-22T13:37:13.454431,1.2834779353051118,13,76.7
DOT-USDT,15min,LONG,1.3175161999999998,1.367829,1.31160906,1.31160906,SL,,-0.44835425932521367,LOSS,,8,0.3934524676053458,-0.8968542474088533,2026-02-22T15:27:18.880072,8.517281741233393,13,75.0
DOT-USDT,15min,LONG,1.3168154999999997,1.367829,1.31090836,1.31090836,SL,,-0.4485928362781043,LOSS,,8,0.4468735369533768,-0.8441197722839392,2026-02-22T15:28:19.941365,8.635900846432927,13,75.0
DUCK-USDT,1h,LONG,0.0010590579999999999,0.00106544,0.00105499,0.00105499,SL,,-0.3841149398805228,LOSS,,1,-0.38317070453175617,-0.8552883789178629,2026-02-22T12:52:20.625939,1.5665263157894749,13,74.7
DUCK-USDT,1h,LONG,0.0010590579999999999,0.00106544,0.00105499,0.00105499,SL,,-0.3841149398805228,LOSS,,1,-0.38317070453175617,-0.8552883789178629,2026-02-22T12:52:25.918187,1.5665263157894749,13,74.7
DUCK-USDT,1h,LONG,0.0010590579999999999,0.00106544,0.00105499,0.00105499,SL,,-0.3841149398805228,LOSS,,1,-0.38317070453175617,-0.8552883789178629,2026-02-22T12:53:03.886798,1.5665263157894749,13,74.7
DYDX-USDT,30min,LONG,0.09559549999999999,0.1014098,0.09507407,0.09507407,SL,,-0.5454545454545345,LOSS,,1,-0.20450753435045307,-1.3551893133044874,2026-02-22T15:46:15.322605,11.15071232876708,13,75.0
DYDX-USDT,30min,LONG,0.09559549999999999,0.1014098,0.09507407,0.09507407,SL,,-0.5454545454545345,LOSS,,1,-0.20450753435045307,-1.3551893133044874,2026-02-22T15:46:51.700487,11.15071232876708,13,75.0
DYDX-USDT,30min,LONG,0.09559549999999999,0.1014098,0.09507407,0.09507407,SL,,-0.5454545454545345,LOSS,,1,-0.20450753435045307,-1.3551893133044874,2026-02-22T15:47:02.572384,11.15071232876708,13,75.0
DYDX-USDT,30min,LONG,0.0954954,0.1014098,0.09497397,0.09497397,SL,,-0.5460263007432709,LOSS,,3,-0.09990009990009517,-1.2517880442408738,2026-02-22T15:52:29.488003,11.342684931506788,13,75.0
DYDX-USDT,30min,LONG,0.0954954,0.1014098,0.09497397,0.09497397,SL,,-0.5460263007432709,LOSS,,3,-0.09990009990009517,-1.2517880442408738,2026-02-22T15:53:10.820375,11.342684931506788,13,75.0
DYDX-USDT,30min,LONG,0.0954954,0.1014098,0.09497397,0.09497397,SL,,-0.5460263007432709,LOSS,,3,-0.09990009990009517,-1.2517880442408738,2026-02-22T15:53:14.357907,11.342684931506788,13,75.0
EIGEN-USDT,15min,LONG,0.1823822,0.1923398,0.1816822,0.1816822,SL,,-0.3838093849070831,LOSS,,2,-0.1547300120296731,-2.347926497212988,2026-02-22T16:54:11.971749,14.225142857142748,13,75.0
EIGEN-USDT,15min,LONG,0.18248229999999996,0.1923398,0.1817823,0.1817823,SL,,-0.3835988476690347,LOSS,,1,-0.2094997706626597,-2.401493185914443,2026-02-22T16:55:13.899024,14.0821428571428,13,75.0
EIGEN-USDT,15min,LONG,0.18248229999999996,0.1923398,0.1817823,0.1817823,SL,,-0.3835988476690347,LOSS,,1,-0.2094997706626597,-2.401493185914443,2026-02-22T16:55:48.237768,14.0821428571428,13,75.0
EIGEN-USDT,15min,LONG,0.1823822,0.1923398,0.1816822,0.1816822,SL,,-0.3838093849070831,LOSS,,2,-0.1547300120296731,-2.347926497212988,2026-02-22T16:57:55.451398,14.225142857142748,13,75.0
EIGEN-USDT,15min,LONG,0.1823822,0.1923398,0.1816822,0.1816822,SL,,-0.3838093849070831,LOSS,,2,-0.1547300120296731,-2.347926497212988,2026-02-22T16:58:24.260784,14.225142857142748,13,75.0
EIGEN-USDT,15min,LONG,0.18248229999999996,0.1923398,0.1817823,0.1817823,SL,,-0.3835988476690347,LOSS,,1,-0.2094997706626597,-2.401493185914443,2026-02-22T16:59:09.341954,14.0821428571428,13,75.0
EIGEN-USDT,15min,LONG,0.18248229999999996,0.1923398,0.1817823,0.1817823,SL,,-0.3835988476690347,LOSS,,1,-0.2094997706626597,-2.401493185914443,2026-02-22T17:01:04.887166,14.0821428571428,13,75.0
EIGEN-USDT,15min,LONG,0.18248229999999996,0.1923398,0.1817823,0.1817823,SL,,-0.3835988476690347,LOSS,,1,-0.2094997706626597,-2.401493185914443,2026-02-22T17:01:44.405783,14.0821428571428,13,75.0
EIGEN-USDT,15min,LONG,0.18258239999999998,0.1923398,0.1818824,0.1818824,SL,,-0.3833885412832663,LOSS,,1,-0.264209474735772,-2.455001139211649,2026-02-22T17:02:29.989683,13.939142857142773,13,75.0
EIGEN-USDT,15min,LONG,0.18248229999999996,0.1923398,0.1817823,0.1817823,SL,,-0.3835988476690347,LOSS,,1,-0.2094997706626597,-2.401493185914443,2026-02-22T17:04:32.991724,14.0821428571428,13,75.0
EIGEN-USDT,15min,LONG,0.18248229999999996,0.1923398,0.1817823,0.1817823,SL,,-0.3835988476690347,LOSS,,1,-0.2094997706626597,-2.401493185914443,2026-02-22T17:04:48.302169,14.0821428571428,13,75.0
EIGEN-USDT,15min,LONG,0.18268249999999997,0.1923398,0.1819825,0.1819825,SL,,-0.3831784653702344,LOSS,,1,-0.3188592229687891,-2.5084504536559122,2026-02-22T17:05:42.555418,13.796142857142787,13,75.0
EPT-USDT,15min,LONG,0.0011501489999999998,0.00120407,0.00113536,0.00113536,SL,,-1.2858334007158954,LOSS,,2,-0.6215716398483948,-7.490246915834364,2026-02-22T11:23:21.249609,3.646695652173905,13,76.9
EPT-USDT,15min,LONG,0.0011501489999999998,0.00120407,0.00113536,0.00113536,SL,,-1.2858334007158954,LOSS,,2,-0.6215716398483948,-7.490246915834364,2026-02-22T11:23:39.211564,3.646695652173905,13,76.9
EPT-USDT,15min,LONG,0.0011441429999999998,0.00120407,0.00112936,0.00112936,SL,,-1.292058772373713,LOSS,,2,-0.09990009990009036,-7.004631414080212,2026-02-22T11:26:22.199955,4.052898550724629,13,76.9
EPT-USDT,15min,LONG,0.0011441429999999998,0.00120407,0.00112936,0.00112936,SL,,-1.292058772373713,LOSS,,2,-0.09990009990009036,-7.004631414080212,2026-02-22T11:26:51.130947,4.052898550724629,13,76.9
EPT-USDT,15min,LONG,0.0011401389999999999,0.00120407,0.00112535,0.00112535,SL,,-1.2971225438301701,LOSS,,2,0.25093431590359183,-6.678045396219217,2026-02-22T11:29:07.271348,4.323700483091773,13,76.9
EPT-USDT,15min,LONG,0.0011381369999999998,0.00120407,0.00112335,0.00112335,SL,,-1.299228476009464,LOSS,,2,0.4272772082798586,-6.513890682756096,2026-02-22T11:29:36.857019,4.459101449275353,13,76.9
EPT-USDT,15min,LONG,0.0011341329999999998,0.00120407,0.00111935,0.00111935,SL,,-1.303462645033675,LOSS,,2,0.7818307023955813,-6.183842635740235,2026-02-22T11:32:02.378233,4.729903381642498,13,76.9
EPT-USDT,15min,LONG,0.0011341329999999998,0.00120407,0.00111935,0.00111935,SL,,-1.303462645033675,LOSS,,2,0.7818307023955813,-6.183842635740235,2026-02-22T11:32:04.505976,4.729903381642498,13,76.9
EPT-USDT,15min,LONG,0.0011331319999999998,0.00120407,0.00111835,0.00111835,SL,,-1.3045258628297376,LOSS,,2,0.8708605881750863,-6.100966171637529,2026-02-22T11:32:18.348305,4.797603864734287,13,76.9
EPT-USDT,15min,LONG,0.0011281269999999998,0.00120407,0.00111334,0.00111334,SL,,-1.3107566789909142,LOSS,,2,1.318379934174087,-5.684377734067154,2026-02-22T11:34:52.695103,5.136106280193222,13,76.9
EPT-USDT,15min,LONG,0.0011281269999999998,0.00120407,0.00111334,0.00111334,SL,,-1.3107566789909142,LOSS,,2,1.318379934174087,-5.684377734067154,2026-02-22T11:35:03.447158,5.136106280193222,13,76.9
EPT-USDT,15min,LONG,0.0011281269999999998,0.00120407,0.00111334,0.00111334,SL,,-1.3107566789909142,LOSS,,2,1.318379934174087,-5.684377734067154,2026-02-22T11:35:10.547772,5.136106280193222,13,76.9
EPT-USDT,15min,LONG,0.0011381369999999998,0.00120407,0.00112335,0.00112335,SL,,-1.299228476009464,LOSS,,1,-0.09990009990008202,-6.513890682756096,2026-02-22T11:37:46.296247,4.459101449275353,13,76.9
EPT-USDT,15min,LONG,0.0011381369999999998,0.00120407,0.00112335,0.00112335,SL,,-1.299228476009464,LOSS,,1,-0.09990009990008202,-6.513890682756096,2026-02-22T11:38:01.742216,4.459101449275353,13,76.9
EPT-USDT,15min,LONG,0.0011381369999999998,0.00120407,0.00112335,0.00112335,SL,,-1.299228476009464,LOSS,,1,-0.09990009990008202,-6.513890682756096,2026-02-22T11:38:05.251663,4.459101449275353,13,76.9
EPT-USDT,15min,LONG,0.001132131,0.00120407,0.00111735,0.00111735,SL,,-1.3055909607633702,LOSS,,1,0.4300739048749668,-6.017943153221661,2026-02-22T11:40:36.969048,4.865304347826063,13,76.9
EPT-USDT,15min,LONG,0.001132131,0.00120407,0.00111735,0.00111735,SL,,-1.3055909607633702,LOSS,,1,0.4300739048749668,-6.017943153221661,2026-02-22T11:40:48.219859,4.865304347826063,13,76.9
EPT-USDT,15min,LONG,0.001132131,0.00120407,0.00111735,0.00111735,SL,,-1.3055909607633702,LOSS,,1,0.4300739048749668,-6.017943153221661,2026-02-22T11:40:52.413755,4.865304347826063,13,76.9
EPT-USDT,15min,LONG,0.0011281269999999998,0.00120407,0.00111334,0.00111334,SL,,-1.3107566789909142,LOSS,,1,0.7865249213962765,-5.684377734067154,2026-02-22T11:43:17.245695,5.136106280193222,13,76.9
EPT-USDT,15min,LONG,0.001127126,0.00120407,0.00111234,0.00111234,SL,,-1.3118320400735963,LOSS,,1,0.8760333804738772,-5.600616080189787,2026-02-22T11:43:26.972700,5.203806763284997,13,76.9
EPT-USDT,15min,LONG,0.0011261249999999997,0.00120407,0.00111134,0.00111134,SL,,-1.3129093129092952,LOSS,,1,0.9657009657009882,-5.51670551670549,2026-02-22T11:43:29.296197,5.271507246376802,13,76.9
EPT-USDT,15min,LONG,0.0011451439999999998,0.00120407,0.00113036,0.00113036,SL,,-1.291016675632051,LOSS,,1,-0.7111769349531466,-7.08592107193504,2026-02-22T11:46:02.414230,3.9851980676328393,13,76.9
EPT-USDT,15min,LONG,0.0011451439999999998,0.00120407,0.00113036,0.00113036,SL,,-1.291016675632051,LOSS,,1,-0.7111769349531466,-7.08592107193504,2026-02-22T11:46:05.696895,3.9851980676328393,13,76.9
EPT-USDT,15min,LONG,0.0011451439999999998,0.00120407,0.00113036,0.00113036,SL,,-1.291016675632051,LOSS,,1,-0.7111769349531466,-7.08592107193504,2026-02-22T11:46:11.481853,3.9851980676328393,13,76.9
EPT-USDT,15min,LONG,0.001130129,0.00120407,0.00111534,0.00111534,SL,,-1.3086116717648926,LOSS,,1,0.6079836903574806,-5.851455895742862,2026-02-22T11:48:40.769645,5.000705314009642,13,76.9
EPT-USDT,15min,LONG,0.001130129,0.00120407,0.00111534,0.00111534,SL,,-1.3086116717648926,LOSS,,1,0.6079836903574806,-5.851455895742862,2026-02-22T11:48:41.725175,5.000705314009642,13,76.9
EPT-USDT,15min,LONG,0.001130129,0.00120407,0.00111534,0.00111534,SL,,-1.3086116717648926,LOSS,,1,0.6079836903574806,-5.851455895742862,2026-02-22T11:48:50.182080,5.000705314009642,13,76.9
EPT-USDT,15min,LONG,0.0011261249999999997,0.00120407,0.00111134,0.00111134,SL,,-1.3129093129092952,LOSS,,1,0.9657009657009882,-5.51670551670549,2026-02-22T11:51:19.739542,5.271507246376802,13,76.9
EPT-USDT,15min,LONG,0.001137136,0.00120407,0.00112235,0.00112235,SL,,-1.3002842228194273,LOSS,,1,-0.011959871114798314,-6.431596572441635,2026-02-22T11:51:27.282158,4.526801932367128,13,76.9
EPT-USDT,15min,LONG,0.001137136,0.00120407,0.00112235,0.00112235,SL,,-1.3002842228194273,LOSS,,1,-0.011959871114798314,-6.431596572441635,2026-02-22T11:51:32.142621,4.526801932367128,13,76.9
EPT-USDT,15min,LONG,0.0011241229999999999,0.00120407,0.00110934,0.00110934,SL,,-1.3150696142681881,LOSS,,1,1.1455152149720373,-9.44051496144104,2026-02-22T11:53:55.747887,5.406908212560367,13,76.9
EPT-USDT,15min,LONG,0.0011241229999999999,0.00120407,0.00110934,0.00110934,SL,,-1.3150696142681881,LOSS,,1,1.1455152149720373,-9.44051496144104,2026-02-22T11:54:02.562640,5.406908212560367,13,76.9
EPT-USDT,15min,LONG,0.0011241229999999999,0.00120407,0.00110934,0.00110934,SL,,-1.3150696142681881,LOSS,,1,1.1455152149720373,-9.44051496144104,2026-02-22T11:54:14.069459,5.406908212560367,13,76.9
EPT-USDT,15min,LONG,0.0011241229999999999,0.00120407,0.00110934,0.00110934,SL,,-1.3150696142681881,LOSS,,1,1.1455152149720373,-9.44051496144104,2026-02-22T11:56:38.160598,5.406908212560367,13,76.9
EPT-USDT,15min,LONG,0.0011241229999999999,0.00120407,0.00110934,0.00110934,SL,,-1.3150696142681881,LOSS,,1,1.1455152149720373,-9.44051496144104,2026-02-22T11:56:42.718249,5.406908212560367,13,76.9
EPT-USDT,15min,LONG,0.0011241229999999999,0.00120407,0.00110934,0.00110934,SL,,-1.3150696142681881,LOSS,,1,1.1455152149720373,-9.44051496144104,2026-02-22T11:56:51.636576,5.406908212560367,13,76.9
EPT-USDT,15min,LONG,0.0011241229999999999,0.00120407,0.00110934,0.00110934,SL,,-1.3150696142681881,LOSS,,1,1.1455152149720373,-9.44051496144104,2026-02-22T11:59:12.431938,5.406908212560367,13,76.9
EPT-USDT,15min,LONG,0.0011241229999999999,0.00120407,0.00110934,0.00110934,SL,,-1.3150696142681881,LOSS,,1,1.1455152149720373,-9.44051496144104,2026-02-22T11:59:14.805998,5.406908212560367,13,76.9
EPT-USDT,15min,LONG,0.0011241229999999999,0.00120407,0.00110934,0.00110934,SL,,-1.3150696142681881,LOSS,,1,1.1455152149720373,-9.44051496144104,2026-02-22T11:59:30.128899,5.406908212560367,13,76.9
EPT-USDT,15min,LONG,0.0011281269999999998,0.00120407,0.00111334,0.00111334,SL,,-1.3107566789909142,LOSS,,1,0.7865249213962765,-9.76193283203042,2026-02-22T12:01:54.805694,5.136106280193222,13,76.9
EPT-USDT,15min,LONG,0.0011261249999999997,0.00120407,0.00111134,0.00111134,SL,,-1.3129093129092952,LOSS,,1,0.9657009657009882,-9.601509601509578,2026-02-22T12:01:57.590402,5.271507246376802,13,76.9
EPT-USDT,15min,LONG,0.0011261249999999997,0.00120407,0.00111134,0.00111134,SL,,-1.3129093129092952,LOSS,,1,0.9657009657009882,-9.601509601509578,2026-02-22T12:02:08.332378,5.271507246376802,13,76.9
EPT-USDT,15min,LONG,0.0011131119999999999,0.00120407,0.00109668,0.00109668,SL,,-1.476221620106496,LOSS,,1,-0.45925297723857306,-8.63453093668921,2026-02-22T13:21:09.209085,5.535296981499581,14,81.1
EPT-USDT,15min,LONG,0.0011121109999999998,0.00120407,0.00109568,0.00109568,SL,,-1.4774604333560153,LOSS,,1,-0.3696573453548958,-8.55229379081764,2026-02-22T13:21:13.792237,5.596555291826465,14,81.1
EPT-USDT,15min,LONG,0.00111111,0.00120407,0.00109468,0.00109468,SL,,-1.478701478701479,LOSS,,1,-0.27990027990027644,-8.46990846990848,2026-02-22T13:21:59.268514,5.6578210590383415,14,81.1
EPT-USDT,15min,LONG,0.0011071059999999998,0.00120407,0.00109068,0.00109068,SL,,-1.4836881021329433,LOSS,,1,0.08075107532613847,-8.138877397466906,2026-02-22T13:24:12.739091,5.9029587239742165,14,81.1
EPT-USDT,15min,LONG,0.0011051039999999998,0.00120407,0.00108868,0.00108868,SL,,-1.4861949644558063,LOSS,,1,0.2620567837959395,-7.972462320288397,2026-02-22T13:24:20.282817,6.0255723331710955,14,81.1
EPT-USDT,15min,LONG,0.0011051039999999998,0.00120407,0.00108868,0.00108868,SL,,-1.4861949644558063,LOSS,,1,0.2620567837959395,-7.972462320288397,2026-02-22T13:25:08.201421,6.0255723331710955,14,81.1
EPT-USDT,15min,LONG,0.0011011,0.00120407,0.00108467,0.00108467,SL,,-1.492144219416947,LOSS,,1,0.6266460811915362,-7.6378167287258325,2026-02-22T13:27:16.954879,6.267072428484474,14,81.1
EPT-USDT,15min,LONG,0.001099098,0.00120407,0.00108267,0.00108267,SL,,-1.494680183204771,LOSS,,1,0.8099368755106537,-7.469579600727148,2026-02-22T13:27:28.690553,6.389700511322145,14,81.1
EPT-USDT,15min,LONG,0.001099098,0.00120407,0.00108267,0.00108267,SL,,-1.494680183204771,LOSS,,1,0.8099368755106537,-7.469579600727148,2026-02-22T13:28:23.210308,6.389700511322145,14,81.1
EPT-USDT,15min,LONG,0.0010950939999999998,0.00120407,0.00107867,0.00107867,SL,,-1.4997799275678338,LOSS,,1,1.1785289664631755,-7.131259964897983,2026-02-22T13:30:31.871223,6.635046273745873,14,81.1
EPT-USDT,15min,LONG,0.001093092,0.00120407,0.00107666,0.00107666,SL,,-1.5032586461157924,LOSS,,1,1.3638376275739015,-6.961170697434438,2026-02-22T13:30:40.852422,6.753651411879249,14,81.1
EPT-USDT,15min,LONG,0.001093092,0.00120407,0.00107666,0.00107666,SL,,-1.5032586461157924,LOSS,,1,1.3638376275739015,-6.961170697434438,2026-02-22T13:31:26.970429,6.753651411879249,14,81.1
EPT-USDT,15min,LONG,0.0010890879999999998,0.00120407,0.00107266,0.00107266,SL,,-1.5084180525356774,LOSS,,1,1.7364987953223499,-6.619116177939698,2026-02-22T13:33:47.761565,6.9990260530802235,14,81.1
EPT-USDT,15min,LONG,0.001087086,0.00120407,0.00107066,0.00107066,SL,,-1.511012008249572,LOSS,,3,1.9238588299361905,-6.447144016204792,2026-02-22T13:34:00.890271,7.121758188238188,14,81.1
EPT-USDT,15min,LONG,0.001087086,0.00120407,0.00107066,0.00107066,SL,,-1.511012008249572,LOSS,,3,1.9238588299361905,-6.447144016204792,2026-02-22T13:34:56.457591,7.121758188238188,14,81.1
EPT-USDT,15min,LONG,0.001083082,0.00120407,0.00106665,0.00106665,SL,,-1.5171519792591914,LOSS,,3,2.300656829307483,-6.101292422919047,2026-02-22T13:37:00.624031,7.362828627069118,14,81.1
EPT-USDT,15min,LONG,0.001083082,0.00120407,0.00106665,0.00106665,SL,,-1.5171519792591914,LOSS,,2,2.300656829307483,-6.101292422919047,2026-02-22T13:37:36.062738,7.362828627069118,14,81.1
EPT-USDT,15min,LONG,0.0010820809999999997,0.00120407,0.00106565,0.00106565,SL,,-1.5184630355767912,LOSS,,3,2.3952920345150073,-6.014429603698783,2026-02-22T13:38:17.200930,7.424198162010987,14,81.1
EPT-USDT,15min,LONG,0.0010810799999999999,0.00120407,0.00106465,0.00106465,SL,,-1.5197765197765003,LOSS,,3,2.4901024901025046,-5.927405927405928,2026-02-22T13:40:20.245039,7.485575167376853,14,81.1
EPT-USDT,15min,LONG,0.001080079,0.00120407,0.00106365,0.00106365,SL,,-1.5210924386086662,LOSS,,8,2.5850886833277915,-5.8402209468011295,2026-02-22T13:40:46.286319,7.546959644530963,14,81.1
EPT-USDT,15min,LONG,0.001080079,0.00120407,0.00106365,0.00106365,SL,,-1.5210924386086662,LOSS,,8,2.5850886833277915,-5.8402209468011295,2026-02-22T13:41:52.016674,7.546959644530963,14,81.1
EPT-USDT,30min,LONG,0.0011501489999999998,0.00139585,0.00112258,0.00112258,SL,,-2.3969937808057793,LOSS,,1,-1.143243179796691,-11.576673978762749,2026-02-22T11:23:23.601972,8.911507772020698,13,76.6
EPT-USDT,30min,LONG,0.0011501489999999998,0.00139585,0.00112258,0.00112258,SL,,-2.3969937808057793,LOSS,,1,-1.143243179796691,-11.576673978762749,2026-02-22T11:23:51.632387,8.911507772020698,13,76.6
EPT-USDT,30min,LONG,0.0011441429999999998,0.00139585,0.00111657,0.00111657,SL,,-2.4099260319732507,LOSS,,1,-0.6243100731289551,-11.112509537706384,2026-02-22T11:26:53.527819,9.12934196891189,13,76.6
EPT-USDT,30min,LONG,0.0011401389999999999,0.00139585,0.00111257,0.00111257,SL,,-2.41803850232295,LOSS,,1,-0.2753173078019326,-10.800349781912555,2026-02-22T11:29:09.699626,9.27456476683935,13,76.6
EPT-USDT,30min,LONG,0.0011341329999999998,0.00139585,0.00110656,0.00110656,SL,,-2.431196341169856,LOSS,,1,0.2527922210181828,-10.327977406529918,2026-02-22T11:32:06.880484,9.49239896373054,13,76.6
EPT-USDT,30min,LONG,0.001132131,0.00139585,0.00110456,0.00110456,SL,,-2.4353188809422135,LOSS,,1,0.4300739048749668,-10.169406190626358,2026-02-22T11:32:20.666503,9.565010362694265,13,76.6
EPT-USDT,30min,LONG,0.0011281269999999998,0.00139585,0.00110056,0.00110056,SL,,-2.443607856207664,LOSS,,1,0.7865249213962765,-9.850575334160068,2026-02-22T11:35:05.845381,9.710233160621732,13,76.6
EPT-USDT,30min,LONG,0.0011381369999999998,0.00139585,0.00111057,0.00111057,SL,,-2.42211614243275,LOSS,,1,-0.09990009990008202,-10.643446263499026,2026-02-22T11:37:48.417234,9.34717616580308,13,76.6
EPT-USDT,30min,LONG,0.0011381369999999998,0.00139585,0.00111057,0.00111057,SL,,-2.42211614243275,LOSS,,1,-0.09990009990008202,-10.643446263499026,2026-02-22T11:38:07.722015,9.34717616580308,13,76.6
EPT-USDT,30min,LONG,0.001132131,0.00139585,0.00110456,0.00110456,SL,,-2.4353188809422135,LOSS,,1,0.4300739048749668,-10.169406190626358,2026-02-22T11:40:50.343721,9.565010362694265,13,76.6
EPT-USDT,30min,LONG,0.0011281269999999998,0.00139585,0.00110056,0.00110056,SL,,-2.443607856207664,LOSS,,1,0.7865249213962765,-9.850575334160068,2026-02-22T11:43:19.477833,9.710233160621732,13,76.6
EPT-USDT,30min,LONG,0.0011721709999999998,0.00139585,0.0011446,0.0011446,SL,,-2.352131216349824,LOSS,,1,-3.0005007801762593,-13.237914945856874,2026-02-22T11:43:31.410798,8.112782383419663,13,76.6
EPT-USDT,30min,LONG,0.0011451439999999998,0.00139585,0.00111757,0.00111757,SL,,-2.4079067785361343,LOSS,,1,-0.7111769349531466,-11.190208393005593,2026-02-22T11:46:04.546656,9.093036269430023,13,76.6
EPT-USDT,30min,LONG,0.001130129,0.00139585,0.00110256,0.00110256,SL,,-2.4394560267013645,LOSS,,1,0.6079836903574806,-10.010273163506115,2026-02-22T11:48:43.958930,9.637621761657998,13,76.6
EPT-USDT,30min,LONG,0.001130129,0.00139585,0.00110256,0.00110256,SL,,-2.4394560267013645,LOSS,,1,0.6079836903574806,-10.010273163506115,2026-02-22T11:48:52.406775,9.637621761657998,13,76.6
EPT-USDT,30min,LONG,0.001137136,0.00139585,0.00110956,0.00110956,SL,,-2.425039748983399,LOSS,,1,-0.011959871114798314,-10.564787325350713,2026-02-22T11:51:34.328922,9.38348186528494,13,76.6
EPT-USDT,30min,LONG,0.0011241229999999999,0.00139585,0.00109655,0.00109655,SL,,-2.4528454626406475,LOSS,,2,1.1455152149720373,-9.529473198217632,2026-02-22T11:53:57.921015,9.855455958549191,13,76.6
EPT-USDT,30min,LONG,0.0011241229999999999,0.00139585,0.00109655,0.00109655,SL,,-2.4528454626406475,LOSS,,2,1.1455152149720373,-9.529473198217632,2026-02-22T11:54:04.818150,9.855455958549191,13,76.6
EPT-USDT,30min,LONG,0.0011241229999999999,0.00139585,0.00109655,0.00109655,SL,,-2.4528454626406475,LOSS,,2,1.1455152149720373,-9.529473198217632,2026-02-22T11:56:53.720274,9.855455958549191,13,76.6
EPT-USDT,30min,LONG,0.0011241229999999999,0.00139585,0.00109655,0.00109655,SL,,-2.4528454626406475,LOSS,,2,1.1455152149720373,-9.529473198217632,2026-02-22T11:59:14.539784,9.855455958549191,13,76.6
EPT-USDT,30min,LONG,0.0011241229999999999,0.00139585,0.00109655,0.00109655,SL,,-2.4528454626406475,LOSS,,2,1.1455152149720373,-9.529473198217632,2026-02-22T11:59:16.906468,9.855455958549191,13,76.6
EPT-USDT,30min,LONG,0.0011241229999999999,0.00139585,0.00109655,0.00109655,SL,,-2.4528454626406475,LOSS,,2,1.1455152149720373,-9.529473198217632,2026-02-22T12:02:10.755783,9.855455958549191,13,76.6
ERA-USDT,15min,LONG,0.14944929999999998,0.1555242,0.14887073,0.1499,TIMEOUT,0.1499,0.3015738447754697,WIN,TIMEOUT_WIN,15,0.7699601135636182,-0.30063707223786656,2026-02-22T15:40:02.607664,10.499853086057536,13,75.0
ERA-USDT,15min,LONG,0.14944929999999998,0.1555242,0.14887073,0.1499,TIMEOUT,0.1499,0.3015738447754697,WIN,TIMEOUT_WIN,15,0.7699601135636182,-0.30063707223786656,2026-02-22T15:40:42.724670,10.499853086057536,13,75.0
ERA-USDT,15min,LONG,0.14944929999999998,0.1555242,0.14887073,0.1499,TIMEOUT,0.1499,0.3015738447754697,WIN,TIMEOUT_WIN,15,0.7699601135636182,-0.30063707223786656,2026-02-22T15:42:47.959979,10.499853086057536,13,75.0
FUN-USDT,1h,LONG,0.041231189999999994,0.04287,0.04011548,0.04287,TP,,3.9746851837165136,WIN,,3,5.041838472282773,-4.756568995461919,2026-02-22T11:54:12.024967,1.4688494322001382,14,81.4
FUN-USDT,1h,LONG,0.041231189999999994,0.04287,0.04011548,0.04287,TP,,3.9746851837165136,WIN,,3,5.041838472282773,-4.756568995461919,2026-02-22T11:54:16.903963,1.4688494322001382,14,81.4
FUN-USDT,1h,LONG,0.041261219999999994,0.04287,0.04014551,0.04287,TP,,3.8990121959554376,WIN,,3,4.965388808183586,-4.825887358638439,2026-02-22T11:54:26.580967,1.4419338358534168,14,81.4
FUN-USDT,30min,LONG,0.0412412,0.0423,0.04044049,0.04044049,SL,,-1.9415293444419564,LOSS,,1,5.016342880420557,-4.779686333084389,2026-02-22T11:54:09.974541,1.3223193577163217,13,74.7
FUN-USDT,30min,LONG,0.041231189999999994,0.0423,0.04043048,0.04043048,SL,,-1.9420007038360918,LOSS,,1,5.041838472282773,-4.756568995461919,2026-02-22T11:54:14.817046,1.3348206958073177,13,74.7
FUN-USDT,30min,LONG,0.04125120999999999,0.0423,0.0404505,0.0404505,SL,,-1.9410582138075207,LOSS,,1,4.990859662056003,-4.802792451421403,2026-02-22T11:54:24.396909,1.3098180196253428,13,74.7
HYPE-USDT,15min,LONG,29.479449999999996,29.984486,29.34695,29.34695,SL,,-0.44946564471181366,LOSS,,1,-0.24915661587986745,-2.0029206786422304,2026-02-22T13:23:09.806898,3.8115924528302108,13,75.0
ICNT-USDT,15min,LONG,0.40529488999999996,0.4072949,0.40447703,0.40447703,SL,,-0.20179380993427973,LOSS,,1,0.24799473785618942,-0.8919160071324813,2026-02-22T12:07:48.356321,2.445427074235788,14,80.6
ICNT-USDT,15min,LONG,0.40529488999999996,0.4072949,0.40447703,0.40447703,SL,,-0.20179380993427973,LOSS,,1,0.24799473785618942,-0.8919160071324813,2026-02-22T12:07:50.419499,2.445427074235788,14,80.6
ICNT-USDT,15min,LONG,0.40565524999999997,0.4072949,0.40483739,0.40483739,SL,,-0.20161454831410372,LOSS,,1,0.15894038102552038,-0.9799577350471825,2026-02-22T12:10:37.473558,2.0048122270742144,14,80.6
ICNT-USDT,15min,LONG,0.40565524999999997,0.4072949,0.40483739,0.40483739,SL,,-0.20161454831410372,LOSS,,1,0.15894038102552038,-0.9799577350471825,2026-02-22T12:10:40.566425,2.0048122270742144,14,80.6
ICNT-USDT,15min,LONG,0.40565524999999997,0.4072949,0.40483739,0.40483739,SL,,-0.20161454831410372,LOSS,,1,0.15894038102552038,-0.9799577350471825,2026-02-22T12:10:58.170207,2.0048122270742144,14,80.6
ICNT-USDT,30min,LONG,0.40529488999999996,0.41583086,0.40399989,0.40399989,SL,,-0.319520436095306,LOSS,,1,2.32302706801955,-0.4700009911301712,2026-02-22T17:04:53.757731,8.135884169884276,14,80.6
ICNT-USDT,30min,LONG,0.40559518999999994,0.41583086,0.40430019,0.40430019,SL,,-0.3192838652746191,LOSS,,1,2.2472677745512923,-0.5436923450694553,2026-02-22T17:06:56.689136,7.9039922779927405,14,80.6
ICNT-USDT,30min,LONG,0.40559518999999994,0.41583086,0.40430019,0.40430019,SL,,-0.3192838652746191,LOSS,,1,2.2472677745512923,-0.5436923450694553,2026-02-22T17:07:33.715501,7.9039922779927405,14,80.6
ICNT-USDT,30min,LONG,0.40574533999999995,0.41583086,0.40445034,0.40445034,SL,,-0.3191657111822739,LOSS,,1,2.209430181009613,-0.5804971167382793,2026-02-22T17:11:22.269946,7.788046332046776,14,80.6
ICNT-USDT,30min,LONG,0.40495454999999997,0.41583086,0.40365955,0.40365955,SL,,-0.31978897384903826,LOSS,,1,2.4090234323827344,-0.38635199925521085,2026-02-22T17:13:51.563650,8.398694980695085,13,73.7
ICNT-USDT,30min,LONG,0.40462422,0.41583086,0.40332922,0.4085,TIMEOUT,0.4085,0.9578714788748918,WIN,TIMEOUT_WIN,10,2.4926288396675917,-0.30502870045692093,2026-02-22T17:14:07.256320,8.65377606177616,13,73.7
ICNT-USDT,30min,LONG,0.40478438,0.41583086,0.40348938,0.40772,TIMEOUT,0.40772,0.7252305536098077,WIN,TIMEOUT_WIN,10,2.4520758434404075,-0.29259528245630056,2026-02-22T17:18:38.743841,8.530100386100468,13,73.7
ICNT-USDT,30min,LONG,0.40472431999999997,0.41583086,0.40342932,0.40772,TIMEOUT,0.40772,0.740177906778633,WIN,TIMEOUT_WIN,10,2.46727945580341,-0.2777989719026414,2026-02-22T17:20:07.653886,8.576478764478868,13,73.7
ICNT-USDT,30min,LONG,0.40472431999999997,0.41583086,0.40342932,0.40772,TIMEOUT,0.40772,0.740177906778633,WIN,TIMEOUT_WIN,10,2.46727945580341,-0.2777989719026414,2026-02-22T17:20:22.102398,8.576478764478868,13,73.7
ICNT-USDT,30min,LONG,0.40472431999999997,0.41583086,0.40342932,0.40772,TIMEOUT,0.40772,0.740177906778633,WIN,TIMEOUT_WIN,10,2.46727945580341,-0.2777989719026414,2026-02-22T17:24:55.631209,8.576478764478868,13,73.7
ICNT-USDT,30min,LONG,0.40472431999999997,0.41583086,0.40342932,0.40772,TIMEOUT,0.40772,0.740177906778633,WIN,TIMEOUT_WIN,10,2.46727945580341,-0.2777989719026414,2026-02-22T17:26:15.469253,8.576478764478868,13,73.7
ICNT-USDT,30min,LONG,0.40472431999999997,0.41583086,0.40342932,0.40772,TIMEOUT,0.40772,0.740177906778633,WIN,TIMEOUT_WIN,10,2.46727945580341,-0.2777989719026414,2026-02-22T17:26:20.066407,8.576478764478868,13,73.7
ICNT-USDT,30min,LONG,0.40441400999999993,0.41583086,0.40311901,0.40772,TIMEOUT,0.40772,0.8174766250061645,WIN,TIMEOUT_WIN,10,2.545903392417115,-0.20128135521316898,2026-02-22T17:31:34.640460,8.816100386100898,13,73.7
ICNT-USDT,30min,LONG,0.4043539499999999,0.41583086,0.40305895,0.40772,TIMEOUT,0.40772,0.8324513708843752,WIN,TIMEOUT_WIN,10,2.5611348671133594,-0.18645792875274061,2026-02-22T17:32:12.646626,8.862478764479679,13,73.7
ICNT-USDT,30min,LONG,0.4043539499999999,0.41583086,0.40305895,0.40772,TIMEOUT,0.40772,0.8324513708843752,WIN,TIMEOUT_WIN,10,2.5611348671133594,-0.18645792875274061,2026-02-22T17:32:36.325521,8.862478764479679,13,73.7
IP-USDT,1h,LONG,1.0757947199999998,1.12084062,1.06496115,1.06496115,SL,,-1.0070294823532633,LOSS,,1,-0.32206144309759727,-1.3268999870160865,2026-02-22T15:30:28.251874,4.157991692490298,13,75.0
IP-USDT,1h,LONG,1.0738728,1.12084062,1.0629478,1.0629478,SL,,-1.0173458160035205,LOSS,,1,-0.14366692219040797,-1.1503038348675878,2026-02-22T15:32:15.678137,4.299113958810049,13,75.0
IP-USDT,1h,LONG,1.07490383,1.12084062,1.06397883,1.06397883,SL,,-1.016369994699905,LOSS,,1,-0.23944746759344965,-1.2451188307701895,2026-02-22T15:32:44.780242,4.204740503432472,13,75.0
IP-USDT,1h,LONG,1.0736625899999999,1.12084062,1.0626633,1.0626633,SL,,-1.024464305867244,LOSS,,1,-0.12411627380999239,-1.1309502736795405,2026-02-22T15:42:40.617727,4.289190337034871,13,75.0
IP-USDT,1h,LONG,1.0750139399999998,1.12084062,1.06401465,1.06401465,SL,,-1.0231764994600698,LOSS,,1,-0.24966559968513802,-1.2552339553847849,2026-02-22T15:44:45.781750,4.166332359244108,13,75.0
IP-USDT,1h,LONG,1.07625518,1.12084062,1.06525589,1.06525589,SL,,-1.02199647485088,LOSS,,1,-0.3647071877507686,-1.36911582622998,2026-02-22T15:45:00.454382,4.05348503149554,13,75.0
IP-USDT,1h,LONG,1.07578471,1.12084062,1.06468257,1.06468257,SL,,-1.0320038848665158,LOSS,,1,-0.3211339562541256,-1.325981850030194,2026-02-22T15:54:40.930784,4.058307533938081,13,75.0
IP-USDT,1h,LONG,1.07582475,1.12084062,1.06472261,1.06472261,SL,,-1.0319654757896193,LOSS,,1,-0.32484380007059616,-1.3296542954602946,2026-02-22T15:57:24.695430,4.054701022968511,13,75.0
IP-USDT,1h,LONG,1.0746736,1.12084062,1.06357146,1.06357146,SL,,-1.0330708784509068,LOSS,,1,-0.21807551613809908,-1.2239623267939101,2026-02-22T15:58:13.184633,4.158388213343608,13,75.0
KAS-USDT,1h,LONG,0.031091059999999997,0.03206874,0.03086106,0.03086106,SL,,-0.7397624912112922,LOSS,,1,-1.8045701883435148,-3.6057310365101634,2026-02-22T11:52:18.478404,4.25078260869564,13,74.4
KAS-USDT,1h,LONG,0.031101069999999998,0.03206874,0.03087107,0.03087107,SL,,-0.739524395784446,LOSS,,1,-1.8361747682635887,-3.6367559058257415,2026-02-22T11:52:25.345270,4.2072608695652,13,74.4
LA-USDT,15min,LONG,0.20916896,0.21609426,0.20884753,0.20884753,SL,,-0.1536700282871721,LOSS,,6,2.582142206950794,-0.7739962946700959,2026-02-22T18:54:03.947202,21.545377777777034,14,81.1
LA-USDT,15min,LONG,0.20932911999999998,0.21609426,0.20900769,0.20900769,SL,,-0.15355245366721254,LOSS,,6,2.503655487588173,-0.8499151957453256,2026-02-22T18:54:19.238651,21.04710222222152,14,81.1
LA-USDT,15min,LONG,0.20932911999999998,0.21609426,0.20900769,0.20900769,SL,,-0.15355245366721254,LOSS,,6,2.503655487588173,-0.8499151957453256,2026-02-22T18:54:49.250193,21.04710222222152,14,81.1
LA-USDT,15min,LONG,0.20946926,0.21609426,0.20914783,0.20914783,SL,,-0.15344972336274243,LOSS,,5,2.4350780634829285,-0.9162489999725871,2026-02-22T18:56:48.772875,20.611111111110393,14,81.1
LA-USDT,15min,LONG,0.20946926,0.21609426,0.20914783,0.20914783,SL,,-0.15344972336274243,LOSS,,5,2.4350780634829285,-0.9162489999725871,2026-02-22T18:57:02.449375,20.611111111110393,14,81.1
LA-USDT,15min,LONG,0.20967946999999998,0.21609426,0.20933661,0.20933661,SL,,-0.1635162469649378,LOSS,,5,2.332383804671021,-1.0155834522092062,2026-02-22T18:57:34.030279,18.709804166666654,13,77.4
LA-USDT,15min,LONG,0.20983963,0.21609426,0.20949677,0.20949677,SL,,-0.16339144326550728,LOSS,,5,2.2542786603274183,-1.0911332621011518,2026-02-22T18:59:35.176818,18.242670833333264,13,77.4
LA-USDT,15min,LONG,0.20986965999999999,0.21609426,0.2095268,0.2095268,SL,,-0.16336806377823868,LOSS,,5,2.2396472172299826,-1.1052860141861256,2026-02-22T18:59:44.517216,18.155083333333305,13,77.4
LA-USDT,15min,LONG,0.20988968,0.21609426,0.20954682,0.20954682,SL,,-0.1633524811701082,LOSS,,5,2.229895247827342,-1.1147189323457842,2026-02-22T19:00:19.449775,18.09669166666661,13,77.4
LA-USDT,15min,LONG,0.21093071999999996,0.21609426,0.21058786,0.21058786,SL,,-0.16254626163508698,LOSS,,1,1.7253437526786288,-1.6027632200752688,2026-02-22T19:02:19.480478,15.060325000000063,13,77.4
LA-USDT,15min,LONG,0.21095074,0.21609426,0.21060788,0.21060788,SL,,-0.16253083539787555,LOSS,,1,1.7156896439424734,-1.6121014792363306,2026-02-22T19:02:25.870962,15.001933333333287,13,77.4
LA-USDT,15min,LONG,0.21098076999999998,0.21609426,0.21063791,0.21063791,SL,,-0.16250770153126876,LOSS,,1,1.7012119161381518,-1.6261055450693314,2026-02-22T19:03:02.356084,14.914345833333327,13,77.4
LA-USDT,15min,LONG,0.21164143,0.21609426,0.21129857,0.21129857,SL,,-0.1620004174040973,LOSS,,1,1.3837413591469399,-1.9331895461110706,2026-02-22T19:04:58.567831,12.987420833333315,13,77.4
LA-USDT,15min,LONG,0.21164143,0.21609426,0.21129857,0.21129857,SL,,-0.1620004174040973,LOSS,,1,1.3837413591469399,-1.9331895461110706,2026-02-22T19:05:05.305297,12.987420833333315,13,77.4
LA-USDT,15min,LONG,0.21182160999999997,0.21609426,0.21147875,0.21147875,SL,,-0.16186261637798555,LOSS,,1,1.2975021764776717,-2.0166072762830733,2026-02-22T19:05:53.918946,12.461895833333394,13,77.4
LINK-USDT,15min,LONG,8.746537799999999,8.9336254,8.70856637,8.70856637,SL,,-0.4341309769449453,LOSS,,1,-0.144489171475352,-1.5804859381045477,2026-02-22T15:29:33.521014,4.9270622676050655,13,75.0
LQTY-USDT,15min,LONG,0.26876849999999997,0.280348,0.26748279,0.26748279,SL,,-0.478370791219931,LOSS,,1,0.08613360568669734,-0.5835877344257132,2026-02-22T14:37:15.149577,9.00630779880421,13,75.0
LQTY-USDT,15min,LONG,0.26886859999999996,0.280348,0.26758289,0.26758289,SL,,-0.47819269338254455,LOSS,,1,0.048871456168574266,-0.6206005461403693,2026-02-22T14:37:24.493353,8.928451983729273,13,75.0
LQTY-USDT,15min,LONG,0.26876849999999997,0.280348,0.26748279,0.2675,TIMEOUT,0.2675,-0.4719675110736379,LOSS,TIMEOUT_LOSS,15,0.08613360568669734,-0.4719675110736379,2026-02-22T14:39:02.089584,9.00630779880421,13,75.0
LQTY-USDT,15min,LONG,0.2686684,0.280348,0.26738269,0.2675,TIMEOUT,0.2675,-0.4348855317558591,LOSS,TIMEOUT_LOSS,15,0.12342352133709919,-0.4348855317558591,2026-02-22T14:40:24.633370,9.084163613878754,13,75.0
LQTY-USDT,15min,LONG,0.2686684,0.280348,0.26738269,0.2675,TIMEOUT,0.2675,-0.4348855317558591,LOSS,TIMEOUT_LOSS,15,0.12342352133709919,-0.4348855317558591,2026-02-22T14:40:34.185597,9.084163613878754,13,75.0
LQTY-USDT,15min,LONG,0.2686684,0.280348,0.26738269,0.2675,TIMEOUT,0.2675,-0.4348855317558591,LOSS,TIMEOUT_LOSS,15,0.12342352133709919,-0.4348855317558591,2026-02-22T14:42:14.101721,9.084163613878754,13,75.0
MAGIC-USDT,15min,LONG,0.06866859999999998,0.0700938,0.06844003,0.06844003,SL,,-0.33285956026478414,LOSS,,1,-0.3911540354688752,-2.4299315844505043,2026-02-22T11:32:15.767979,6.235288970556583,14,81.1
MAGIC-USDT,15min,LONG,0.06866859999999998,0.0700938,0.06844003,0.06844003,SL,,-0.33285956026478414,LOSS,,1,-0.3911540354688752,-2.4299315844505043,2026-02-22T11:32:27.807062,6.235288970556583,14,81.1
MAGIC-USDT,15min,LONG,0.06866859999999998,0.0700938,0.06844003,0.06844003,SL,,-0.33285956026478414,LOSS,,1,-0.3911540354688752,-2.4299315844505043,2026-02-22T11:32:30.454158,6.235288970556583,14,81.1
MAGIC-USDT,15min,LONG,0.0684684,0.0700938,0.06823983,0.06823983,SL,,-0.33383283383283,LOSS,,2,-0.09990009990009441,-2.1446389867442424,2026-02-22T11:35:03.346146,7.111169444809107,14,81.1
MAGIC-USDT,15min,LONG,0.0684684,0.0700938,0.06823983,0.06823983,SL,,-0.33383283383283,LOSS,,2,-0.09990009990009441,-2.1446389867442424,2026-02-22T11:35:15.679848,7.111169444809107,14,81.1
MAGIC-USDT,15min,LONG,0.0684684,0.0700938,0.06823983,0.06823983,SL,,-0.33383283383283,LOSS,,2,-0.09990009990009441,-2.1446389867442424,2026-02-22T11:35:20.122893,7.111169444809107,14,81.1
MAGIC-USDT,30min,LONG,0.06866859999999998,0.0712728,0.06841146,0.06841146,SL,,-0.37446518496079595,LOSS,,1,-0.3911540354688752,-2.4299315844505043,2026-02-22T11:32:18.052035,10.127444444444446,14,81.1
MAGIC-USDT,30min,LONG,0.06866859999999998,0.0712728,0.06841146,0.06841146,SL,,-0.37446518496079595,LOSS,,1,-0.3911540354688752,-2.4299315844505043,2026-02-22T11:32:30.112972,10.127444444444446,14,81.1
MAGIC-USDT,30min,LONG,0.06866859999999998,0.0712728,0.06841146,0.06841146,SL,,-0.37446518496079595,LOSS,,1,-0.3911540354688752,-2.4299315844505043,2026-02-22T11:32:33.026615,10.127444444444446,14,81.1
MAGIC-USDT,30min,LONG,0.06836829999999999,0.0712728,0.06811116,0.06811116,SL,,-0.3761099807951771,LOSS,,1,-0.8312331884806173,-2.0013661302094525,2026-02-22T11:59:24.922421,11.295277777777732,13,77.7
MAGIC-USDT,30min,LONG,0.06836829999999999,0.0712728,0.06811116,0.06811116,SL,,-0.3761099807951771,LOSS,,1,-0.8312331884806173,-2.0013661302094525,2026-02-22T11:59:26.350139,11.295277777777732,13,77.7
MAGIC-USDT,30min,LONG,0.06836829999999999,0.0712728,0.06811116,0.06811116,SL,,-0.3761099807951771,LOSS,,1,-0.8312331884806173,-2.0013661302094525,2026-02-22T11:59:38.655322,11.295277777777732,13,77.7
NEWT-USDT,15min,LONG,0.06780773999999999,0.06928602,0.06770131,0.06770131,SL,,-0.15695848291063927,LOSS,,1,-0.17363799471858404,-1.3976870487056325,2026-02-22T16:45:09.629149,13.889879194630293,13,76.6
NEWT-USDT,15min,LONG,0.06780773999999999,0.06928602,0.06770131,0.06770131,SL,,-0.15695848291063927,LOSS,,1,-0.17363799471858404,-1.3976870487056325,2026-02-22T16:45:29.909764,13.889879194630293,13,76.6
NEWT-USDT,15min,LONG,0.06783776999999999,0.06928602,0.06773134,0.06773134,SL,,-0.15688900151050175,LOSS,,1,-0.21782850468108186,-1.4413357042838952,2026-02-22T16:47:01.957890,13.607718120804801,13,76.6
NEWT-USDT,15min,LONG,0.06780773999999999,0.06928602,0.06770131,0.06770131,SL,,-0.15695848291063927,LOSS,,1,-0.17363799471858404,-1.3976870487056325,2026-02-22T16:48:26.626659,13.889879194630293,13,76.6
NEWT-USDT,15min,LONG,0.06777771,0.06928602,0.06767128,0.06767128,SL,,-0.15702802588049164,LOSS,,3,-0.12940832612964456,-1.3539997146554554,2026-02-22T16:48:37.708521,14.172040268455655,13,76.6
NEWT-USDT,15min,LONG,0.06781775,0.06928602,0.06771132,0.06771132,SL,,-0.15693531560688861,LOSS,,1,-0.18837251309575434,-1.4122408956357198,2026-02-22T16:50:23.048706,13.795825503355086,13,76.6
NEWT-USDT,15min,LONG,0.06781775,0.06928602,0.06771132,0.06771132,SL,,-0.15693531560688861,LOSS,,1,-0.18837251309575434,-1.4122408956357198,2026-02-22T16:51:55.254123,13.795825503355086,13,76.6
NEWT-USDT,15min,LONG,0.06792785999999999,0.06928602,0.06782143,0.06782143,SL,,-0.15668092591168148,LOSS,,1,-0.3501656021549811,-1.5720501131641567,2026-02-22T16:52:18.933928,12.761234899328324,13,76.6
NEWT-USDT,15min,LONG,0.06786779999999999,0.06928602,0.06776137,0.06776137,SL,,-0.15681958159832898,LOSS,,1,-0.26197990799759513,-1.4849457327333278,2026-02-22T16:54:00.248724,13.32555704697931,13,76.6
NEWT-USDT,15min,LONG,0.06785779,0.06928602,0.06775136,0.06775136,SL,,-0.15684271474211667,LOSS,,1,-0.2472671155367733,-1.4704133453211465,2026-02-22T16:55:04.001552,13.419610738254386,13,76.6
NEWT-USDT,15min,LONG,0.06783776999999999,0.06928602,0.06773134,0.06773134,SL,,-0.15688900151050175,LOSS,,1,-0.21782850468108186,-1.4413357042838952,2026-02-22T16:55:38.368522,13.607718120804801,13,76.6
NEWT-USDT,15min,LONG,0.06781775,0.06928602,0.06771132,0.06771132,SL,,-0.15693531560688861,LOSS,,1,-0.18837251309575434,-1.4122408956357198,2026-02-22T16:57:45.696332,13.795825503355086,13,76.6
NEWT-USDT,15min,LONG,0.06781775,0.06928602,0.06771132,0.06771132,SL,,-0.15693531560688861,LOSS,,1,-0.18837251309575434,-1.4122408956357198,2026-02-22T16:58:13.830052,13.795825503355086,13,76.6
NEWT-USDT,15min,LONG,0.06781775,0.06928602,0.06771132,0.06771132,SL,,-0.15693531560688861,LOSS,,1,-0.18837251309575434,-1.4122408956357198,2026-02-22T16:58:59.455580,13.795825503355086,13,76.6
NEWT-USDT,15min,LONG,0.06781775,0.06928602,0.06771132,0.06771132,SL,,-0.15693531560688861,LOSS,,1,-0.18837251309575434,-1.4122408956357198,2026-02-22T17:00:55.295383,13.795825503355086,13,76.6
NEWT-USDT,15min,LONG,0.06781775,0.06928602,0.06771132,0.06771132,SL,,-0.15693531560688861,LOSS,,1,-0.18837251309575434,-1.4122408956357198,2026-02-22T17:01:34.039705,13.795825503355086,13,76.6
NEWT-USDT,15min,LONG,0.06781775,0.06928602,0.06771132,0.06771132,SL,,-0.15693531560688861,LOSS,,1,-0.18837251309575434,-1.4122408956357198,2026-02-22T17:02:19.965546,13.795825503355086,13,76.6
NEWT-USDT,15min,LONG,0.06762755999999999,0.06928602,0.06752113,0.06752113,SL,,-0.15737666714574758,LOSS,,2,0.0923292219917602,-1.134981063933087,2026-02-22T17:04:23.510924,15.582845637583247,13,76.6
NEWT-USDT,15min,LONG,0.06762755999999999,0.06928602,0.06752113,0.06752113,SL,,-0.15737666714574758,LOSS,,2,0.0923292219917602,-1.134981063933087,2026-02-22T17:04:38.545479,15.582845637583247,13,76.6
NEWT-USDT,15min,LONG,0.06762755999999999,0.06928602,0.06752113,0.06752113,SL,,-0.15737666714574758,LOSS,,2,0.0923292219917602,-1.134981063933087,2026-02-22T17:05:32.506812,15.582845637583247,13,76.6
NEWT-USDT,15min,LONG,0.06762755999999999,0.06928602,0.06752113,0.06752113,SL,,-0.15737666714574758,LOSS,,2,0.0923292219917602,-1.134981063933087,2026-02-22T17:07:25.333810,15.582845637583247,13,76.6
NEWT-USDT,15min,LONG,0.06762755999999999,0.06928602,0.06752113,0.06752113,SL,,-0.15737666714574758,LOSS,,1,-0.5435062273428009,-1.134981063933087,2026-02-22T17:08:03.248868,15.582845637583247,13,76.6
NEWT-USDT,15min,LONG,0.06762755999999999,0.06928602,0.06752113,0.06752113,SL,,-0.15737666714574758,LOSS,,1,-0.5435062273428009,-1.134981063933087,2026-02-22T17:08:48.219107,15.582845637583247,13,76.6
NEWT-USDT,15min,LONG,0.06759753,0.06928602,0.0674911,0.0674911,SL,,-0.1574465812582273,LOSS,,1,-0.49932297822124944,-1.0910605757340543,2026-02-22T17:10:44.993375,15.86500671140861,13,76.6
NEWT-USDT,15min,LONG,0.06759753,0.06928602,0.0674911,0.0674911,SL,,-0.1574465812582273,LOSS,,1,-0.49932297822124944,-1.0910605757340543,2026-02-22T17:11:11.866333,15.86500671140861,13,76.6
NEWT-USDT,15min,LONG,0.06761754999999998,0.06928602,0.06751112,0.06751112,SL,,-0.1573999649499142,LOSS,,1,-0.5287828381832591,-1.1203452358152315,2026-02-22T17:12:09.805689,15.676899328858456,13,76.6
NEWT-USDT,15min,LONG,0.06752746,0.06928602,0.06742103,0.06742103,SL,,-0.15760995600899352,LOSS,,1,-0.39607590749007465,-0.988427522670029,2026-02-22T17:14:19.941528,16.5233825503348,13,76.6
NEWT-USDT,15min,LONG,0.06752746,0.06928602,0.06742103,0.06742103,SL,,-0.15760995600899352,LOSS,,1,-0.39607590749007465,-0.988427522670029,2026-02-22T17:14:34.576904,16.5233825503348,13,76.6
NEWT-USDT,15min,LONG,0.0674674,0.06928602,0.06736097,0.06736097,SL,,-0.15775026160781458,LOSS,,1,-0.3074077258053467,-0.900286656963206,2026-02-22T17:15:39.191204,17.087704697985785,13,76.6
NEWT-USDT,15min,LONG,0.06747740999999999,0.06928602,0.06737098,0.06737098,SL,,-0.15772685999653915,LOSS,,1,-0.3221967173902901,-0.9149876973641773,2026-02-22T17:17:36.126956,16.99365100671071,13,76.6
NEWT-USDT,15min,LONG,0.06747740999999999,0.06928602,0.06737098,0.06737098,SL,,-0.15772685999653915,LOSS,,1,-0.3221967173902901,-0.9149876973641773,2026-02-22T17:17:47.837118,16.99365100671071,13,76.6
NEWT-USDT,15min,LONG,0.06745738999999999,0.06928602,0.06735096,0.06735096,SL,,-0.15777367016421878,LOSS,,1,-0.2926143451443819,-0.8855812535883606,2026-02-22T17:19:07.871840,17.181758389260995,13,76.6
NEWT-USDT,15min,LONG,0.06745738999999999,0.06928602,0.06735096,0.06735096,SL,,-0.15777367016421878,LOSS,,1,-0.2926143451443819,-0.8855812535883606,2026-02-22T17:20:39.933547,17.181758389260995,13,76.6
NEWT-USDT,15min,LONG,0.06745738999999999,0.06928602,0.06735096,0.06735096,SL,,-0.15777367016421878,LOSS,,1,-0.2926143451443819,-0.8855812535883606,2026-02-22T17:20:50.237984,17.181758389260995,13,76.6
NEWT-USDT,15min,LONG,0.06741734999999999,0.06928602,0.06731092,0.06731092,SL,,-0.15786737390299488,LOSS,,1,-0.2333968926396346,-0.8267159714820952,2026-02-22T17:22:29.720704,17.557973154361694,13,76.6
NEWT-USDT,15min,LONG,0.06741734999999999,0.06928602,0.06731092,0.06731092,SL,,-0.15786737390299488,LOSS,,1,-0.2333968926396346,-0.8267159714820952,2026-02-22T17:23:43.845614,17.557973154361694,13,76.6
NEWT-USDT,15min,LONG,0.06741734999999999,0.06928602,0.06731092,0.06731092,SL,,-0.15786737390299488,LOSS,,1,-0.2333968926396346,-0.8267159714820952,2026-02-22T17:23:47.195812,17.557973154361694,13,76.6
NEWT-USDT,15min,LONG,0.06741734999999999,0.06928602,0.06731092,0.06731092,SL,,-0.15786737390299488,LOSS,,1,-0.2333968926396346,-0.8267159714820952,2026-02-22T17:25:21.993403,17.557973154361694,13,76.6
NEWT-USDT,15min,LONG,0.06744737999999999,0.06928602,0.06734095,0.06734095,SL,,-0.15779708566884396,LOSS,,1,-0.2778165734532417,-0.8708714852971082,2026-02-22T17:26:48.102160,17.275812080536202,13,76.6
NEWT-USDT,15min,LONG,0.06749743,0.06928602,0.067391,0.067391,SL,,-0.15768007759701475,LOSS,,1,-0.35176154114311736,-0.9443766970090482,2026-02-22T17:27:00.204520,16.805543624160293,13,76.6
NEWT-USDT,15min,LONG,0.0674674,0.06928602,0.06736097,0.06736097,SL,,-0.15775026160781458,LOSS,,1,-0.3074077258053467,-0.900286656963206,2026-02-22T17:28:58.259159,17.087704697985785,13,76.6
NEWT-USDT,15min,LONG,0.0674674,0.06928602,0.06736097,0.06736097,SL,,-0.15775026160781458,LOSS,,1,-0.3074077258053467,-0.900286656963206,2026-02-22T17:29:49.570426,17.087704697985785,13,76.6
NEWT-USDT,15min,LONG,0.06741734999999999,0.06928602,0.06731092,0.06731092,SL,,-0.15786737390299488,LOSS,,1,-0.2333968926396346,-0.8267159714820952,2026-02-22T17:30:09.299971,17.557973154361694,13,76.6
NEWT-USDT,15min,LONG,0.06744737999999999,0.06928602,0.06734095,0.06734095,SL,,-0.15779708566884396,LOSS,,1,-0.2778165734532417,-0.8708714852971082,2026-02-22T17:32:02.179066,17.275812080536202,13,76.6
ONDO-USDT,15min,LONG,0.26167140999999994,0.27117284,0.26041141,0.26041141,SL,,-0.48151993372142876,LOSS,,3,0.14850304051179208,-1.0629399673429853,2026-02-22T15:28:41.034516,7.540817460317962,13,75.0
ONDO-USDT,30min,LONG,0.26565539,0.27089174,0.26430253,0.26430253,SL,,-0.5092537365795632,LOSS,,1,-0.08484299904473687,-2.3434081273487424,2026-02-22T11:24:34.457285,3.870586061246004,13,76.6
PARTI-USDT,15min,LONG,0.10650639999999999,0.1074,0.10624211,0.10624211,SL,,-0.24814471243041406,LOSS,,1,1.4962481127894798,-1.1327018845815675,2026-02-22T11:46:35.214725,3.381189189189187,13,73.7
PARTI-USDT,15min,LONG,0.10650639999999999,0.1074,0.10624211,0.10624211,SL,,-0.24814471243041406,LOSS,,1,1.4962481127894798,-1.1327018845815675,2026-02-22T11:46:36.119090,3.381189189189187,13,73.7
PARTI-USDT,15min,LONG,0.10650639999999999,0.1074,0.10624211,0.10624211,SL,,-0.24814471243041406,LOSS,,1,1.4962481127894798,-1.1327018845815675,2026-02-22T11:46:41.166045,3.381189189189187,13,73.7
PARTI-USDT,15min,LONG,0.10650639999999999,0.1074,0.10624211,0.10624211,SL,,-0.24814471243041406,LOSS,,1,1.4962481127894798,-1.1327018845815675,2026-02-22T11:49:12.526373,3.381189189189187,13,73.7
PARTI-USDT,15min,LONG,0.10650639999999999,0.1074,0.10624211,0.10624211,SL,,-0.24814471243041406,LOSS,,1,1.4962481127894798,-1.1327018845815675,2026-02-22T11:49:21.858717,3.381189189189187,13,73.7
PARTI-USDT,15min,LONG,0.10650639999999999,0.1074,0.10624211,0.10624211,SL,,-0.24814471243041406,LOSS,,1,1.4962481127894798,-1.1327018845815675,2026-02-22T11:49:24.997556,3.381189189189187,13,73.7
PARTI-USDT,15min,LONG,0.10660649999999998,0.1074,0.10633507,0.1074,TP,,0.744326096438788,WIN,,1,1.400946471369028,-1.225535028351906,2026-02-22T13:34:29.508214,2.9234210526315985,13,76.9
PARTI-USDT,15min,LONG,0.10660649999999998,0.1074,0.10633507,0.1074,TP,,0.744326096438788,WIN,,1,1.400946471369028,-1.225535028351906,2026-02-22T13:34:57.153665,2.9234210526315985,13,76.9
PARTI-USDT,15min,LONG,0.10660649999999998,0.1074,0.10633507,0.1074,TP,,0.744326096438788,WIN,,1,1.400946471369028,-1.225535028351906,2026-02-22T13:35:39.452059,2.9234210526315985,13,76.9
PARTI-USDT,15min,LONG,0.10670659999999998,0.1074,0.10642803,0.1074,TP,,0.649819223928052,WIN,,1,1.2121087167991615,-1.318194001120812,2026-02-22T13:37:56.882837,2.489128205128199,13,76.9
PARTI-USDT,15min,LONG,0.10670659999999998,0.1074,0.10642803,0.1074,TP,,0.649819223928052,WIN,,1,1.2121087167991615,-1.318194001120812,2026-02-22T13:38:20.336806,2.489128205128199,13,76.9
PARTI-USDT,15min,LONG,0.10660649999999998,0.1074,0.10632793,0.1074,TP,,0.744326096438788,WIN,,1,1.3071435606647062,-1.225535028351906,2026-02-22T13:39:13.143937,2.848476146031802,13,76.9
PARTI-USDT,15min,LONG,0.10650639999999999,0.1074,0.10622783,0.1074,TP,,0.8390106134467116,WIN,,1,1.4023570414547968,-1.1327018845815675,2026-02-22T13:41:14.560612,3.2078113221094675,13,76.9
PARTI-USDT,15min,LONG,0.10650639999999999,0.1074,0.10622783,0.1074,TP,,0.8390106134467116,WIN,,1,1.4023570414547968,-1.1327018845815675,2026-02-22T13:41:26.586227,3.2078113221094675,13,76.9
PARTI-USDT,15min,LONG,0.10630619999999999,0.1074,0.10602763,0.1074,TP,,1.0289145882366277,WIN,,1,1.5933219323049919,-0.9465111160026274,2026-02-22T13:42:28.052541,3.926461538461489,13,77.2
PARTI-USDT,15min,LONG,0.10630619999999999,0.1074,0.10602763,0.1074,TP,,1.0289145882366277,WIN,,1,1.5933219323049919,-0.9465111160026274,2026-02-22T13:44:33.683542,3.926461538461489,13,77.2
PARTI-USDT,15min,LONG,0.10630619999999999,0.1074,0.10602763,0.1074,TP,,1.0289145882366277,WIN,,1,1.5933219323049919,-0.9465111160026274,2026-02-22T13:44:51.596276,3.926461538461489,13,77.2
PARTI-USDT,15min,LONG,0.10630619999999999,0.1074,0.10602763,0.1074,TP,,1.0289145882366277,WIN,,1,1.5933219323049919,-0.9465111160026274,2026-02-22T13:45:45.316687,3.926461538461489,13,77.2
PARTI-USDT,15min,LONG,0.10660649999999998,0.1074,0.10632793,0.1074,TP,,0.744326096438788,WIN,,1,1.3071435606647062,-1.225535028351906,2026-02-22T13:47:38.791560,2.848476146031802,13,77.2
PARTI-USDT,15min,LONG,0.10650639999999999,0.1074,0.10622783,0.1074,TP,,0.8390106134467116,WIN,,1,1.4023570414547968,-1.1327018845815675,2026-02-22T13:48:15.956181,3.2078113221094675,13,77.2
PARTI-USDT,15min,LONG,0.10650639999999999,0.1074,0.10622783,0.1074,TP,,0.8390106134467116,WIN,,1,1.4023570414547968,-1.1327018845815675,2026-02-22T13:48:52.193087,3.2078113221094675,13,77.2
PARTI-USDT,15min,LONG,0.1074073,0.1081,0.10687873,0.10687873,SL,,-0.4921173886691055,LOSS,,1,0.8311353138939312,-1.961970927488162,2026-02-22T14:41:05.806284,1.310517055451529,14,79.5
PARTI-USDT,15min,LONG,0.1074073,0.1081,0.10687873,0.10687873,SL,,-0.4921173886691055,LOSS,,1,0.8311353138939312,-1.961970927488162,2026-02-22T14:41:15.087751,1.310517055451529,14,79.5
PARTI-USDT,15min,LONG,0.10710699999999998,0.1081,0.10644986,0.1081,TP,,0.9271102729046857,WIN,,7,3.074495597860101,-0.5667229966295225,2026-02-22T16:46:39.400555,1.5110935264936571,15,85.1
PARTI-USDT,15min,LONG,0.10700689999999999,0.1081,0.10632119,0.1081,TP,,1.0215229111393878,WIN,,7,3.170917015631712,-0.47370777024658295,2026-02-22T16:50:04.168590,1.5941041666666775,14,81.7
PARTI-USDT,15min,LONG,0.10680669999999999,0.1081,0.10612099,0.1081,TP,,1.2108790927910058,WIN,,7,3.364302052212088,-0.28715427028453566,2026-02-22T16:51:31.144248,1.8860625000000057,14,81.7
PARTI-USDT,15min,LONG,0.10680669999999999,0.1081,0.10612099,0.1081,TP,,1.2108790927910058,WIN,,7,3.364302052212088,-0.28715427028453566,2026-02-22T16:52:00.126623,1.8860625000000057,14,81.7
PARTI-USDT,15min,LONG,0.1069068,0.1081,0.10622109,0.1081,TP,,1.1161123520674132,WIN,,6,3.267518997856078,-0.38051835804644685,2026-02-22T16:53:42.832772,1.7400833333333316,13,74.8
PARTI-USDT,15min,LONG,0.10720709999999999,0.1081,0.10652139,0.10652139,SL,,-0.6396124883519769,LOSS,,4,2.9782542387584527,-0.6595645251107327,2026-02-22T16:55:20.330762,1.3021458333333493,14,81.7
PARTI-USDT,30min,LONG,0.10660649999999998,0.1089818,0.10608507,0.10608507,SL,,-0.4891165172855085,LOSS,,2,1.5885522927776587,-1.225535028351906,2026-02-22T13:34:32.001205,4.555369863013711,13,75.2
PARTI-USDT,30min,LONG,0.10660649999999998,0.1089818,0.10608507,0.10608507,SL,,-0.4891165172855085,LOSS,,2,1.5885522927776587,-1.225535028351906,2026-02-22T13:34:59.630606,4.555369863013711,13,75.2
PARTI-USDT,30min,LONG,0.10660649999999998,0.1089818,0.10608507,0.10608507,SL,,-0.4891165172855085,LOSS,,2,1.5885522927776587,-1.225535028351906,2026-02-22T13:35:41.924865,4.555369863013711,13,75.2
PARTI-USDT,30min,LONG,0.10650639999999999,0.1089818,0.10597783,0.10597783,SL,,-0.49628003575371266,LOSS,,2,1.6840302554588331,-1.1327018845815675,2026-02-22T13:41:17.213169,4.683201846491579,13,75.2
PARTI-USDT,30min,LONG,0.10650639999999999,0.1089818,0.10597783,0.10597783,SL,,-0.49628003575371266,LOSS,,2,1.6840302554588331,-1.1327018845815675,2026-02-22T13:41:28.907383,4.683201846491579,13,75.2
PROMPT-USDT,15min,LONG,0.04385381,0.0443085,0.04379524,0.04379524,SL,,-0.13355738076121743,LOSS,,1,-0.2139152789689191,-1.8329308217461653,2026-02-22T12:13:34.372602,7.763189346081511,13,74.7
PROMPT-USDT,15min,LONG,0.04385381,0.0443085,0.04379524,0.04379524,SL,,-0.13355738076121743,LOSS,,1,-0.2139152789689191,-1.8329308217461653,2026-02-22T12:13:35.216992,7.763189346081511,13,74.7
PROMPT-USDT,15min,LONG,0.04385381,0.0443085,0.04379524,0.04379524,SL,,-0.13355738076121743,LOSS,,1,-0.2139152789689191,-1.8329308217461653,2026-02-22T12:13:52.522046,7.763189346081511,13,74.7
PROMPT-USDT,15min,LONG,0.044194149999999995,0.0443085,0.04410558,0.04410558,SL,,-0.20041114038848165,LOSS,,1,-0.9823698385419662,-2.5889173114541104,2026-02-22T12:19:24.717780,1.291048387096809,13,74.7
PROMPT-USDT,15min,LONG,0.0436436,0.0443085,0.04355503,0.04355503,SL,,-0.20293926257228131,LOSS,,1,0.26670577129293327,-1.3601077821261303,2026-02-22T12:21:51.383818,7.506935483870803,13,75.0
PROMPT-USDT,15min,LONG,0.04363358999999999,0.0443085,0.04354502,0.04354502,SL,,-0.20298581895277507,LOSS,,1,0.28970799789796664,-1.3374787634938932,2026-02-22T12:21:57.749916,7.619951612903112,13,75.0
PROMPT-USDT,15min,LONG,0.04363358999999999,0.0443085,0.04354502,0.04354502,SL,,-0.20298581895277507,LOSS,,1,0.28970799789796664,-1.3374787634938932,2026-02-22T12:22:08.277020,7.619951612903112,13,75.0
PROMPT-USDT,15min,LONG,0.043723679999999994,0.0443085,0.04360725,0.04360725,SL,,-0.26628591189029327,LOSS,,1,-0.09990009990009381,-1.540766925382301,2026-02-22T12:24:32.572650,5.02299386503067,14,78.4
PROMPT-USDT,15min,LONG,0.043723679999999994,0.0443085,0.04360725,0.04360725,SL,,-0.26628591189029327,LOSS,,1,-0.09990009990009381,-1.540766925382301,2026-02-22T12:24:38.074556,5.02299386503067,14,78.4
PROMPT-USDT,15min,LONG,0.043723679999999994,0.0443085,0.04360725,0.04360725,SL,,-0.26628591189029327,LOSS,,1,-0.09990009990009381,-1.540766925382301,2026-02-22T12:24:57.386948,5.02299386503067,14,78.4
PROMPT-USDT,15min,LONG,0.04363358999999999,0.0443085,0.04351716,0.04351716,SL,,-0.26683571074484996,LOSS,,1,0.10636301069887598,-1.3374787634938932,2026-02-22T12:27:17.418040,5.796773006134964,14,78.4
PROMPT-USDT,15min,LONG,0.04363358999999999,0.0443085,0.04351716,0.04351716,SL,,-0.26683571074484996,LOSS,,1,0.10636301069887598,-1.3374787634938932,2026-02-22T12:27:22.786647,5.796773006134964,14,78.4
PROMPT-USDT,15min,LONG,0.04363358999999999,0.0443085,0.04351716,0.04351716,SL,,-0.26683571074484996,LOSS,,1,0.10636301069887598,-1.3374787634938932,2026-02-22T12:27:39.249967,5.796773006134964,14,78.4
PROMPT-USDT,15min,LONG,0.04373368999999999,0.0443085,0.04361726,0.04361726,SL,,-0.2662249629518886,LOSS,,1,-0.12276576707795557,-1.5633027992835589,2026-02-22T12:29:56.487398,4.937018404907991,14,78.4
PROMPT-USDT,15min,LONG,0.04373368999999999,0.0443085,0.04361726,0.04361726,SL,,-0.2662249629518886,LOSS,,1,-0.12276576707795557,-1.5633027992835589,2026-02-22T12:29:58.947333,4.937018404907991,14,78.4
PROMPT-USDT,15min,LONG,0.04373368999999999,0.0443085,0.04361726,0.04361726,SL,,-0.2662249629518886,LOSS,,1,-0.12276576707795557,-1.5633027992835589,2026-02-22T12:30:17.328979,4.937018404907991,14,78.4
PROMPT-USDT,15min,LONG,0.043683639999999996,0.0443085,0.04356721,0.04356721,SL,,-0.2665299869699361,LOSS,,1,-0.008332638946752605,-1.4505201489619406,2026-02-22T12:32:35.731400,5.366895705521447,14,78.4
PROMPT-USDT,15min,LONG,0.043683639999999996,0.0443085,0.04356721,0.04356721,SL,,-0.2665299869699361,LOSS,,1,-0.008332638946752605,-1.4505201489619406,2026-02-22T12:32:35.696696,5.366895705521447,14,78.4
PROMPT-USDT,15min,LONG,0.0436436,0.0443085,0.04352717,0.04352717,SL,,-0.26677450989377754,LOSS,,1,0.08340283569641123,-1.3601077821261303,2026-02-22T12:32:58.823603,5.710797546012224,14,78.4
PROMPT-USDT,15min,LONG,0.043523479999999996,0.0443085,0.04340705,0.04340705,SL,,-0.26751077809034063,LOSS,,1,0.35962197875721397,-1.0878725690133195,2026-02-22T12:35:16.043439,6.742503067484615,14,78.4
PROMPT-USDT,15min,LONG,0.043523479999999996,0.0443085,0.04340705,0.04340705,SL,,-0.26751077809034063,LOSS,,1,0.35962197875721397,-1.0878725690133195,2026-02-22T12:35:18.140106,6.742503067484615,14,78.4
PROMPT-USDT,15min,LONG,0.043503459999999994,0.0443085,0.04338703,0.04338703,SL,,-0.2676338847530605,LOSS,,1,0.40580680249341733,-1.0423538725425423,2026-02-22T12:35:48.760315,6.914453987730034,14,78.4
PROMPT-USDT,15min,LONG,0.04360356,0.0438369,0.0434457,0.0438369,TP,,0.5351397913381352,WIN,,1,9.92221736023389,-1.0631242036200754,2026-02-22T16:44:58.199707,1.4781451919421926,14,80.6
PROMPT-USDT,15min,LONG,0.04360356,0.0438369,0.0434457,0.0438369,TP,,0.5351397913381352,WIN,,1,9.92221736023389,-1.0631242036200754,2026-02-22T16:45:19.128217,1.4781451919421926,14,80.6
PROMPT-USDT,15min,LONG,0.04355351,0.0438369,0.04339565,0.0438369,TP,,0.6506708644148347,WIN,,1,10.048535697811737,-0.9494297933737118,2026-02-22T16:46:52.473022,1.7951982769543202,14,80.6
PROMPT-USDT,15min,LONG,0.04360356,0.0438369,0.0434457,0.0438369,TP,,0.5351397913381352,WIN,,1,9.92221736023389,-1.0631242036200754,2026-02-22T16:48:19.720439,1.4781451919421926,14,80.6
PROMPT-USDT,15min,LONG,0.04360356,0.0438369,0.0434457,0.0438369,TP,,0.5351397913381352,WIN,,1,9.92221736023389,-1.0631242036200754,2026-02-22T16:48:30.985279,1.4781451919421926,14,80.6
PROMPT-USDT,15min,LONG,0.04433429,0.04459,0.04413286,0.04413286,SL,,-0.4543435792024537,LOSS,,1,8.110449045197301,-2.017151960705808,2026-02-22T17:10:37.450377,1.2694822695035224,13,74.7
PROMPT-USDT,15min,LONG,0.04431426999999999,0.04459,0.04409784,0.04409784,SL,,-0.4883979810566433,LOSS,,1,8.15929044978065,-1.972885934936962,2026-02-22T17:15:30.831313,1.2739915908146833,15,85.1
PROMPT-USDT,1h,LONG,0.043723679999999994,0.04696308,0.04348725,0.04348725,SL,,-0.5407367357916714,LOSS,,1,1.9813519813519902,-1.540766925382301,2026-02-22T12:24:34.793844,13.701306940743818,13,76.6
PROMPT-USDT,1h,LONG,0.043723679999999994,0.04696308,0.04348725,0.04348725,SL,,-0.5407367357916714,LOSS,,1,1.9813519813519902,-1.540766925382301,2026-02-22T12:24:40.195373,13.701306940743818,13,76.6
PROMPT-USDT,1h,LONG,0.043723679999999994,0.04696308,0.04348725,0.04348725,SL,,-0.5407367357916714,LOSS,,1,1.9813519813519902,-1.540766925382301,2026-02-22T12:24:59.588221,13.701306940743818,13,76.6
PROMPT-USDT,1h,LONG,0.043523479999999996,0.04696308,0.04328705,0.04328705,SL,,-0.5432240252847333,LOSS,,2,2.450447436647992,-0.8810876336175291,2026-02-22T12:35:18.509942,14.548069195956781,13,76.6
PROMPT-USDT,1h,LONG,0.043523479999999996,0.04696308,0.04328705,0.04328705,SL,,-0.5432240252847333,LOSS,,2,2.450447436647992,-0.8810876336175291,2026-02-22T12:35:20.938124,14.548069195956781,13,76.6
PROMPT-USDT,1h,LONG,0.04347343,0.04696308,0.043237,0.043237,SL,,-0.5438494271098525,LOSS,,2,2.568396374521167,-0.7669742185054241,2026-02-22T12:35:51.204279,14.759759759759575,13,76.6
PROMPT-USDT,1h,LONG,0.04360356,0.04668012,0.04329642,0.04668012,TP,,7.055754163192178,WIN,,3,9.92221736023389,0.3129102302656057,2026-02-22T16:45:00.837271,10.01670697674409,13,76.6
PROMPT-USDT,1h,LONG,0.04360356,0.04668012,0.04329642,0.04668012,TP,,7.055754163192178,WIN,,3,9.92221736023389,0.3129102302656057,2026-02-22T16:45:21.655133,10.01670697674409,13,76.6
PROMPT-USDT,1h,LONG,0.04354349999999999,0.04668012,0.04323636,0.04668012,TP,,7.203417272382806,WIN,,3,10.073834211765268,0.4512728650659896,2026-02-22T16:46:55.009190,10.212251162790624,13,76.6
PROMPT-USDT,30min,LONG,0.04417413,0.04448718,0.04400913,0.04400913,SL,,-0.37352178752586296,LOSS,,1,0.9414333683538278,-2.5447699818875913,2026-02-22T12:16:21.997205,1.897272727272758,13,74.7
PROMPT-USDT,30min,LONG,0.04408404,0.04448718,0.04391904,0.04391904,SL,,-0.37428511542952614,LOSS,,1,1.147716951531665,-2.3456107924772778,2026-02-22T12:16:39.091678,2.4432727272727695,13,74.7
PROMPT-USDT,30min,LONG,0.04408404,0.04448718,0.04391904,0.04391904,SL,,-0.37428511542952614,LOSS,,1,1.147716951531665,-2.3456107924772778,2026-02-22T12:16:48.029665,2.4432727272727695,13,74.7
PROMPT-USDT,30min,LONG,0.0436436,0.04448718,0.04347217,0.04347217,SL,,-0.39279527811637954,LOSS,,1,2.168473728106756,-1.3601077821261303,2026-02-22T12:21:53.479648,4.920883333333326,13,77.7
PROMPT-USDT,30min,LONG,0.04363358999999999,0.04448718,0.04346216,0.04346216,SL,,-0.3928853894442178,LOSS,,1,2.1919122400884383,-1.3374787634938932,2026-02-22T12:21:59.858062,4.979275000000021,13,77.7
PROMPT-USDT,30min,LONG,0.04363358999999999,0.04448718,0.04346216,0.04346216,SL,,-0.3928853894442178,LOSS,,1,2.1919122400884383,-1.3374787634938932,2026-02-22T12:22:10.606658,4.979275000000021,13,77.7
PROMPT-USDT,30min,LONG,0.04363358999999999,0.04448718,0.0434593,0.0434593,SL,,-0.3994399727365859,LOSS,,1,2.1919122400884383,-1.3374787634938932,2026-02-22T12:27:19.787162,4.8976475409835745,14,81.1
PROMPT-USDT,30min,LONG,0.04363358999999999,0.04448718,0.0434593,0.0434593,SL,,-0.3994399727365859,LOSS,,1,2.1919122400884383,-1.3374787634938932,2026-02-22T12:27:24.969994,4.8976475409835745,14,81.1
PROMPT-USDT,30min,LONG,0.04363358999999999,0.04448718,0.0434593,0.0434593,SL,,-0.3994399727365859,LOSS,,1,2.1919122400884383,-1.3374787634938932,2026-02-22T12:27:41.540168,4.8976475409835745,14,81.1
PROMPT-USDT,30min,LONG,0.043683639999999996,0.04448718,0.04350935,0.04350935,SL,,-0.39898231923894995,LOSS,,1,2.0748270977418595,-1.4505201489619406,2026-02-22T12:32:38.031388,4.610475409836022,14,81.1
PROMPT-USDT,30min,LONG,0.043683639999999996,0.04448718,0.04350935,0.04350935,SL,,-0.39898231923894995,LOSS,,1,2.0748270977418595,-1.4505201489619406,2026-02-22T12:32:38.023446,4.610475409836022,14,81.1
PROMPT-USDT,30min,LONG,0.04360356,0.04448718,0.04342927,0.04342927,SL,,-0.39971506913655797,LOSS,,1,2.2622923449369687,-1.2695293687029259,2026-02-22T12:33:01.068951,5.069950819672059,14,81.1
PROMPT-USDT,30min,LONG,0.04325320999999999,0.04451286,0.04299107,0.04451286,TP,,2.9122694015080226,WIN,,2,10.812584776944897,-0.2617377993448245,2026-02-22T16:05:49.495267,4.805256733043551,13,75.5
PROMPT-USDT,30min,LONG,0.04322318,0.04451286,0.04296104,0.04451286,TP,,2.9837693570903423,WIN,,2,10.889573603793151,-0.19244303635225854,2026-02-22T16:07:37.551238,4.919813839932847,13,75.5
PROMPT-USDT,30min,LONG,0.04325320999999999,0.04451286,0.04299107,0.04451286,TP,,2.9122694015080226,WIN,,2,10.812584776944897,-0.2617377993448245,2026-02-22T16:07:54.303397,4.805256733043551,13,75.5
PROMPT-USDT,30min,LONG,0.043213169999999995,0.04451286,0.04295103,0.04451286,TP,,3.0076247588408958,WIN,,2,10.91526032457236,-0.16932337988626478,2026-02-22T16:12:25.676200,4.957999542229479,13,75.5
PROMPT-USDT,30min,LONG,0.043183139999999995,0.04451286,0.042921,0.04451286,TP,,3.079257321260118,WIN,,2,10.99239193814995,-0.09990009990009313,2026-02-22T16:14:06.246464,5.072556649118932,13,75.5
PROMPT-USDT,30min,LONG,0.04317313,0.04451286,0.04291099,0.04451286,TP,,3.1031569867646946,WIN,,2,11.018126320699944,-0.07673754485718147,2026-02-22T16:14:57.737694,5.110742351415406,13,75.5
PROMPT-USDT,30min,LONG,0.04319314999999999,0.04451286,0.04293101,0.04451286,TP,,3.0553687332366564,WIN,,1,10.966669483471357,-0.12305191911216218,2026-02-22T16:18:51.280919,5.034370946822456,13,75.5
PROMPT-USDT,30min,LONG,0.043213169999999995,0.04451286,0.04295103,0.04451286,TP,,3.0076247588408958,WIN,,1,10.91526032457236,-0.16932337988626478,2026-02-22T16:20:29.076994,4.957999542229479,13,75.5
PROMPT-USDT,30min,LONG,0.04336331999999999,0.04451286,0.04310118,0.04451286,TP,,2.6509501578753927,WIN,,1,10.531204714030224,-0.5149974679060371,2026-02-22T16:21:09.711543,4.38521400778236,13,75.5
RAY-USDT,30min,LONG,0.6262255999999999,0.65487,0.62263274,0.62263274,SL,,-0.5737325334511908,LOSS,,3,-0.1318374719909218,-2.0321111113949817,2026-02-22T15:41:47.133324,7.9725964214711045,13,75.0
RAY-USDT,30min,LONG,0.6260253999999998,0.65487,0.62243254,0.62243254,SL,,-0.5739160104366069,LOSS,,3,-0.0999000999000819,-2.0007814379416238,2026-02-22T15:42:03.255782,8.02831809145125,13,75.0
RAY-USDT,30min,LONG,0.6252246,0.65487,0.62163174,0.62163174,SL,,-0.5746510933830868,LOSS,,4,0.028053918543821964,-1.8752621058096521,2026-02-22T15:42:47.088254,8.251204771371675,13,75.0
RAY-USDT,30min,LONG,0.6261254999999999,0.65487,0.62253264,0.62253264,SL,,-0.573824257277482,LOSS,,2,-0.3714111627780485,-2.016448779038683,2026-02-22T15:47:52.810712,8.000457256461177,13,75.0
ROAM-USDT,15min,LONG,0.02084082,0.02136809,0.02046053,0.02136809,TP,,2.5299868239349497,WIN,,1,3.8346859672508087,-6.841477446664756,2026-02-22T13:09:37.596951,1.3865206611570164,14,81.7
ROAM-USDT,15min,LONG,0.020851830999999998,0.02136809,0.02047155,0.02136809,TP,,2.475844926999464,WIN,,1,3.779855112004322,-6.890670656212379,2026-02-22T13:09:53.895386,1.3575661157024754,13,74.8
ROAM-USDT,15min,LONG,0.020851830999999998,0.02136809,0.02047155,0.02136809,TP,,2.475844926999464,WIN,,1,3.779855112004322,-6.890670656212379,2026-02-22T13:09:56.279730,1.3575661157024754,13,74.8
ROAM-USDT,15min,LONG,0.021424402999999995,0.02192,0.02104412,0.02104412,SL,,-1.7749992846941651,LOSS,,1,1.0063150884531296,-9.379038473090679,2026-02-22T13:12:49.410293,1.3032227648384753,16,89.3
ROAM-USDT,1h,LONG,0.021548526999999998,0.02436826,0.02102838,0.02102838,SL,,-2.413840166429931,LOSS,,1,-2.7543738836533773,-9.901034070681474,2026-02-22T13:31:31.146877,5.421066465256789,13,75.0
ROAM-USDT,1h,LONG,0.020829808999999998,0.02436826,0.02025967,0.02025967,SL,,-2.737130234847556,LOSS,,1,0.6010184730930739,-6.792232228341585,2026-02-22T13:47:46.123061,6.206288291100972,13,75.2
ROAM-USDT,30min,LONG,0.021322301,0.02167385,0.02104623,0.02104623,SL,,-1.2947523815558146,LOSS,,1,1.4899845940642202,-8.94509931174875,2026-02-22T12:21:50.926437,1.2733934386444126,13,74.7
ROAM-USDT,30min,LONG,0.021288267,0.02167385,0.02101084,0.02101084,SL,,-1.3031920353122226,LOSS,,1,1.652238766077107,-8.799527927754749,2026-02-22T12:22:01.361792,1.3898466984107498,13,74.7
ROAM-USDT,30min,LONG,0.020834813999999997,0.02167385,0.02043374,0.02043374,SL,,-1.9250183850933245,LOSS,,1,3.8646181338600045,-6.81462287112328,2026-02-22T13:09:39.907005,2.091968065743496,14,81.7
ROAM-USDT,30min,LONG,0.020851830999999998,0.02167385,0.02045076,0.02045076,SL,,-1.923433006914354,LOSS,,1,3.779855112004322,-6.890670656212379,2026-02-22T13:09:56.185409,2.049554816977549,14,81.7
ROAM-USDT,30min,LONG,0.020851830999999998,0.02167385,0.02045076,0.02045076,SL,,-1.923433006914354,LOSS,,1,3.779855112004322,-6.890670656212379,2026-02-22T13:09:58.706634,2.049554816977549,14,81.7
ROAM-USDT,30min,LONG,0.020852831999999998,0.02167385,0.02045176,0.02045176,SL,,-1.923345471732563,LOSS,,1,0.8256336597350438,-6.89514019007105,2026-02-22T13:15:43.254412,2.0470538955599076,14,81.7
ROAM-USDT,30min,LONG,0.020831811,0.02167385,0.02043074,0.02043074,SL,,-1.9252814841686081,LOSS,,1,0.9273749651434524,-6.801189776539338,2026-02-22T13:16:06.417660,2.0994711659531644,13,74.8
ROAM-USDT,30min,LONG,0.020978958,0.02167385,0.02057789,0.02057789,SL,,-1.9117632057797984,LOSS,,1,0.2194675255081764,-7.45488884624297,2026-02-22T13:19:44.191683,1.7325989607747425,14,81.7
ROAM-USDT,30min,LONG,0.021011990999999997,0.02167385,0.02061092,0.02061092,SL,,-1.908771995952197,LOSS,,1,0.06191226714308666,-7.600379231078082,2026-02-22T13:21:52.948851,1.6502240251726217,15,85.1
ROAM-USDT,30min,LONG,0.021002982,0.02167385,0.02060191,0.02060191,SL,,-1.9095955041050783,LOSS,,1,0.10483273279955507,-7.560745421769148,2026-02-22T13:22:00.436064,1.6726822116727198,15,85.1
SPK-USDT,15min,LONG,0.021071049999999997,0.02119,0.02101462,0.02119,TP,,0.5645186167751636,WIN,,1,3.839153720388888,-0.6694018570502976,2026-02-22T14:24:55.416644,2.1079746835443425,13,74.7
SPK-USDT,15min,LONG,0.021081059999999995,0.02119,0.02102463,0.02119,TP,,0.5167671834338753,WIN,,1,3.7898473795909937,-0.7165673832340241,2026-02-22T14:25:45.338935,1.9305822784810918,13,74.7
SPK-USDT,15min,LONG,0.021101079999999998,0.02119,0.02104394,0.02119,TP,,0.42140023164692403,WIN,,1,3.6913750386236273,-0.8107641883732827,2026-02-22T14:29:02.354013,1.5561778088905691,13,74.7
SPK-USDT,15min,LONG,0.021081059999999995,0.0213,0.02096606,0.0213,TP,,1.038562577024136,WIN,,1,3.7898473795909937,-0.8588752178495618,2026-02-22T15:26:05.738531,1.9038260869565502,13,72.6
SPK-USDT,15min,LONG,0.021151129999999997,0.0213,0.02103613,0.0213,TP,,0.7038394638962663,WIN,,1,3.446009740377952,-1.187312450918692,2026-02-22T15:27:17.855828,1.2945217391304493,13,72.6
SPK-USDT,15min,LONG,0.021081059999999995,0.0213,0.02096535,0.0213,TP,,1.038562577024136,WIN,,1,3.7898473795909937,-0.8588752178495618,2026-02-22T15:29:40.496098,1.892144153487292,14,79.5
SPK-USDT,1h,LONG,0.02128126,0.02168698,0.02112912,0.02168698,TP,,1.9064660645093465,WIN,,1,2.578512738437475,-3.107240830665103,2026-02-22T14:32:18.739321,2.666704225352116,13,74.7
SPK-USDT,1h,LONG,0.021311289999999997,0.02168698,0.02115486,0.02168698,TP,,1.762868413878301,WIN,,1,2.433968098599391,-3.2437736054457393,2026-02-22T14:37:07.322085,2.4016493000064916,13,74.7
SPK-USDT,1h,LONG,0.02130128,0.02168698,0.02114485,0.02168698,TP,,1.8106893106893236,WIN,,1,2.4821043618036094,-3.198305453944549,2026-02-22T14:37:16.709065,2.4656395832001854,13,74.7
SPK-USDT,30min,LONG,0.021121099999999997,0.02132826,0.02100681,0.02100681,SL,,-0.5411176501223709,LOSS,,1,3.593089375079913,-1.0468204781000916,2026-02-22T14:29:04.650128,1.8126499999999837,13,74.7
SPK-USDT,30min,LONG,0.02155153,0.02188,0.02135153,0.02135153,SL,,-0.9280083594992968,LOSS,,1,-0.7495059515496116,-4.415138971571852,2026-02-22T15:50:46.053266,1.6423500000000142,14,81.7
SPK-USDT,30min,LONG,0.02161159,0.02188,0.02141159,0.02141159,SL,,-0.9254293645215312,LOSS,,1,-1.02532946442164,-4.680775454281705,2026-02-22T15:51:39.132155,1.342050000000009,14,81.7
SPK-USDT,30min,LONG,0.02161159,0.02188,0.02141159,0.02141159,SL,,-0.9254293645215312,LOSS,,1,-1.02532946442164,-4.680775454281705,2026-02-22T15:51:39.996891,1.342050000000009,14,81.7
SUI-USDT,15min,LONG,0.9224214999999999,0.9568646,0.9178715,0.9192,TIMEOUT,0.9192,-0.3492438109909491,LOSS,TIMEOUT_LOSS,15,0.6047669097045281,-0.4468130892438966,2026-02-22T15:27:17.887568,7.569912087912196,13,75.0
SUI-USDT,15min,LONG,0.9226216999999999,0.9568646,0.9180717,0.9192,TIMEOUT,0.9192,-0.3708670628492546,LOSS,TIMEOUT_LOSS,15,0.5829366467318262,-0.4684151695109571,2026-02-22T15:27:29.150263,7.525912087912015,13,75.0
SUI-USDT,15min,LONG,0.9222212999999999,0.9568646,0.9176713,0.9192,TIMEOUT,0.9192,-0.3276111709846534,LOSS,TIMEOUT_LOSS,15,0.6266066507030511,-0.4252016300208969,2026-02-22T15:28:29.502618,7.6139120879120075,13,75.0
TON-USDT,1h,LONG,1.3469455999999997,1.4193688,1.33681703,1.33681703,SL,,-0.7519657809491179,LOSS,,1,-0.30035362972340984,-1.161561387482896,2026-02-22T15:45:55.632937,7.1503864598025215,13,77.7
TON-USDT,1h,LONG,1.346345,1.4193688,1.33621643,1.33621643,SL,,-0.7523012303681451,LOSS,,1,-0.25587795104523137,-1.1174698907040899,2026-02-22T15:46:17.362040,7.209684062059205,13,77.7
TON-USDT,1h,LONG,1.3465451999999998,1.4193688,1.33641663,1.33641663,SL,,-0.7521893806460996,LOSS,,1,-0.2707075856049833,-1.1321714265514333,2026-02-22T15:46:43.096896,7.189918194640318,13,77.7
TON-USDT,1h,LONG,1.3447433999999998,1.4193688,1.33460054,1.33460054,SL,,-0.7542598833353452,LOSS,,1,-0.1370819146611784,-0.9997000171184991,2026-02-22T15:58:37.489399,7.357433802816854,13,77.7
TON-USDT,1h,LONG,1.3436423,1.4193688,1.33349944,1.33349944,SL,,-0.754877990965302,LOSS,,2,-0.05524535808376779,-0.9185703665328213,2026-02-22T15:58:57.239745,7.465992957746417,13,77.7
TON-USDT,1h,LONG,1.3438424999999998,1.4193688,1.33369964,1.33369964,SL,,-0.7547655324191455,LOSS,,2,-0.07013470700620396,-0.9333311009288591,2026-02-22T15:59:22.199594,7.446254929577416,13,77.7
TON-USDT,30min,LONG,1.3402389,1.365292,1.33404604,1.33404604,SL,,-0.4620713516075273,LOSS,,1,0.43731755584770554,-0.801267594904162,2026-02-22T13:25:27.333466,4.045483275663235,15,85.1
TON-USDT,30min,LONG,1.3411397999999999,1.365292,1.33494694,1.33494694,SL,,-0.46176095885006585,LOSS,,1,0.369849586150541,-0.8679035548717575,2026-02-22T13:26:24.050090,3.900009227220331,14,81.4
TON-USDT,30min,LONG,1.3414401,1.365292,1.33524724,1.33524724,SL,,-0.4616575872452357,LOSS,,1,0.3473804011077386,-0.8900956516806169,2026-02-22T13:28:45.839264,3.851517877739339,14,81.4
TON-USDT,30min,LONG,1.339338,1.365292,1.33258086,1.33258086,SL,,-0.5045134237959304,LOSS,,10,0.2958177846070239,-0.6001472369185367,2026-02-22T15:27:23.697141,3.840972515856214,14,80.6
TON-USDT,30min,LONG,1.3392378999999999,1.365292,1.33248076,1.33248076,SL,,-0.5045511331481838,LOSS,,10,0.30331429539143634,-0.5927176941453003,2026-02-22T15:27:35.574727,3.8557864693445927,14,80.6
TON-USDT,30min,LONG,1.3397383999999999,1.365292,1.33298126,1.33298126,SL,,-0.5043626427368164,LOSS,,2,0.2658429436672155,-0.6298543058853846,2026-02-22T15:28:35.918407,3.781716701902731,14,80.6
WIF-USDT,15min,LONG,0.2121119,0.2241192,0.21101904,0.21101904,SL,,-0.515228047082696,LOSS,,14,0.7015636557873557,-0.8070740019772528,2026-02-22T15:25:47.232665,10.987043171128978,13,75.0
WIF-USDT,15min,LONG,0.21201179999999997,0.2241192,0.21090466,0.21090466,SL,,-0.5222067828300023,LOSS,,14,0.7491092476928358,-0.7602407035834652,2026-02-22T15:27:40.479936,10.935744350308253,13,75.0
WIF-USDT,15min,LONG,0.21201179999999997,0.2241192,0.21090466,0.21090466,SL,,-0.5222067828300023,LOSS,,14,0.7491092476928358,-0.7602407035834652,2026-02-22T15:28:06.906924,10.935744350308253,13,75.0
WIF-USDT,15min,LONG,0.21201179999999997,0.2241192,0.21090466,0.21090466,SL,,-0.5222067828300023,LOSS,,14,0.7491092476928358,-0.7602407035834652,2026-02-22T15:28:56.688946,10.935744350308253,13,75.0
WLFI-USDT,15min,LONG,0.1166165,0.1213452,0.11595221,0.11595221,SL,,-0.5696363722114777,LOSS,,1,-2.07217675028834,-4.473209194239236,2026-02-22T16:21:12.228764,7.118473118279572,13,75.0
X-USDT,15min,LONG,1.3453439999999998e-05,1.43e-05,1.331e-05,1.331e-05,SL,,-1.0661957090528429,LOSS,,2,1.1637172351458198,-1.2891870034727064,2026-02-22T15:22:52.318557,6.008771573604055,13,76.6
X-USDT,15min,LONG,1.3423409999999998e-05,1.43e-05,1.328e-05,1.328e-05,SL,,-1.0683574441963581,LOSS,,3,1.3900342759403304,-1.0683574441963581,2026-02-22T15:22:54.929043,6.222182741116746,13,76.6
X-USDT,15min,LONG,1.339338e-05,1.43e-05,1.325e-05,1.336e-05,TIMEOUT,1.336e-05,-0.24922760348768563,LOSS,TIMEOUT_LOSS,15,1.6173661913572253,-0.8465376178380658,2026-02-22T15:23:48.985351,6.435593908629424,13,76.6
X-USDT,15min,LONG,1.3453439999999998e-05,1.43e-05,1.331e-05,1.331e-05,SL,,-1.0661957090528429,LOSS,,2,1.1637172351458198,-1.2891870034727064,2026-02-22T15:26:06.383878,6.008771573604055,13,76.6
X-USDT,15min,LONG,1.3423409999999998e-05,1.43e-05,1.328e-05,1.328e-05,SL,,-1.0683574441963581,LOSS,,3,1.3900342759403304,-1.0683574441963581,2026-02-22T15:26:13.875121,6.222182741116746,13,76.6
X-USDT,15min,LONG,1.3433419999999999e-05,1.43e-05,1.329e-05,1.329e-05,SL,,-1.0676357919278863,LOSS,,3,1.3144828346020692,-1.1420769990069466,2026-02-22T15:27:25.802750,6.151045685279178,13,76.6
X-USDT,15min,LONG,1.338337e-05,1.43e-05,1.324e-05,1.336e-05,TIMEOUT,1.336e-05,-0.17461969593606386,LOSS,TIMEOUT_LOSS,15,1.6933702049633306,-0.7723764642238787,2026-02-22T15:29:18.748200,6.506730964466992,13,76.6
X-USDT,15min,LONG,1.34134e-05,1.43e-05,1.327e-05,1.336e-05,TIMEOUT,1.336e-05,-0.3981093533332228,LOSS,TIMEOUT_LOSS,15,1.4656984806238598,-0.9945278601994978,2026-02-22T15:29:48.264333,6.293319796954301,13,76.6
X-USDT,15min,LONG,1.3573559999999999e-05,1.43e-05,1.342e-05,1.342e-05,SL,,-1.13131706052059,LOSS,,1,0.1947904602771962,-1.5733529007865146,2026-02-22T16:32:17.924015,4.679999999999978,13,76.6
X-USDT,15min,LONG,1.3483469999999998e-05,1.43e-05,1.333e-05,1.352e-05,TIMEOUT,1.352e-05,0.27092432437644626,WIN,TIMEOUT_WIN,15,0.8642434032189175,-0.9157138333084708,2026-02-22T16:32:38.099085,5.2612258064515895,13,76.6
X-USDT,15min,LONG,1.358357e-05,1.43e-05,1.342e-05,1.342e-05,SL,,-1.2041753382947133,LOSS,,1,0.19457329700513706,-1.645885433652557,2026-02-22T16:41:19.585673,4.412096916299552,14,80.6
X-USDT,15min,LONG,1.3543529999999997e-05,1.43e-05,1.341e-05,1.341e-05,SL,,-0.9859320280606068,LOSS,,1,0.7861318282604517,-1.8719639562211423,2026-02-22T18:42:10.090481,5.508343750000028,13,76.6
X-USDT,15min,LONG,1.3543529999999997e-05,1.43e-05,1.341e-05,1.341e-05,SL,,-0.9859320280606068,LOSS,,1,0.7861318282604517,-1.8719639562211423,2026-02-22T18:43:03.842028,5.508343750000028,13,76.6
X-USDT,15min,LONG,1.355354e-05,1.43e-05,1.342e-05,1.342e-05,SL,,-0.9852776470206239,LOSS,,1,0.7116959849603899,-1.9444366564012023,2026-02-22T18:43:52.829060,5.435354166666679,13,76.6
X-USDT,15min,LONG,1.3623609999999998e-05,1.43e-05,1.348e-05,1.348e-05,SL,,-1.0541258888062621,LOSS,,1,0.19370783514796214,-2.448763580284511,2026-02-22T18:45:01.580491,4.751206030150744,14,80.6
X-USDT,1h,LONG,1.3523509999999998e-05,1.435e-05,1.322e-05,1.339e-05,TIMEOUT,1.339e-05,-0.9872436963480412,LOSS,TIMEOUT_LOSS,5,0.9353340959558744,-1.7266966933880166,2026-02-22T16:41:24.472857,2.698000000000013,14,80.6
X-USDT,1h,LONG,1.355354e-05,1.435e-05,1.325e-05,1.339e-05,TIMEOUT,1.339e-05,-1.2066220338007545,LOSS,TIMEOUT_LOSS,5,0.7116959849603899,-1.9444366564012023,2026-02-22T16:45:59.343013,2.599540983606564,14,80.6
X-USDT,1h,LONG,1.3573559999999999e-05,1.435e-05,1.327e-05,1.339e-05,TIMEOUT,1.339e-05,-1.3523349806535523,LOSS,TIMEOUT_LOSS,5,0.5631536604988,-2.0890613810967724,2026-02-22T16:47:15.555266,2.5339016393442706,14,80.6
X-USDT,30min,LONG,1.355354e-05,1.43e-05,1.338e-05,1.338e-05,SL,,-1.2804034960607982,LOSS,,1,0.7116959849603899,-1.9444366564012023,2026-02-22T16:41:22.028542,4.348283333333332,14,80.6
X-USDT,30min,LONG,1.3573559999999999e-05,1.43e-05,1.34e-05,1.34e-05,SL,,-1.2786623406092315,LOSS,,1,0.5631536604988,-2.0890613810967724,2026-02-22T16:45:56.619402,4.231500000000002,13,77.2
X-USDT,30min,LONG,1.3573559999999999e-05,1.43e-05,1.34e-05,1.34e-05,SL,,-1.2786623406092315,LOSS,,1,0.5631536604988,-2.0890613810967724,2026-02-22T16:47:13.160697,4.231500000000002,13,77.2
X-USDT,30min,LONG,1.3573559999999999e-05,1.43e-05,1.34e-05,1.34e-05,SL,,-1.2786623406092315,LOSS,,1,0.5631536604988,-2.0890613810967724,2026-02-22T16:47:37.237583,4.231500000000002,13,77.2
X-USDT,30min,LONG,1.3623609999999998e-05,1.43e-05,1.345e-05,1.345e-05,SL,,-1.2743318400922994,LOSS,,1,0.7809237052440743,-2.448763580284511,2026-02-22T18:45:03.904201,3.8900408962617807,13,73.9
XAUT-USDT,15min,LONG,5106.82172,5121.47638,5104.26830914,5104.26830914,SL,,-0.04999999999999081,LOSS,,2,0.35380675086500596,-0.058387000045887025,2026-02-22T13:32:20.809669,5.739248716128215,13,76.3
XAUT-USDT,15min,LONG,5106.82172,5121.47638,5104.26830914,5104.26830914,SL,,-0.04999999999999081,LOSS,,2,0.35380675086500596,-0.058387000045887025,2026-02-22T13:32:28.397577,5.739248716128215,13,76.3
XAUT-USDT,15min,LONG,5106.82172,5121.47638,5104.26830914,5104.26830914,SL,,-0.04999999999999081,LOSS,,2,0.35380675086500596,-0.058387000045887025,2026-02-22T13:33:29.406014,5.739248716128215,13,76.3
XAUT-USDT,15min,LONG,5107.14204,5121.47638,5104.58846898,5104.58846898,SL,,-0.0500000000000032,LOSS,,1,0.34751255909852474,-0.06465533901617466,2026-02-22T13:35:32.175417,5.613448730319403,13,76.3
XAUT-USDT,15min,LONG,5107.512409999999,5121.47638,5104.95865379,5104.95865379,SL,,-0.05000000009787422,LOSS,,1,0.3402358840279541,-0.07190212583348805,2026-02-22T13:36:07.299684,5.468012156104169,13,76.3
XAUT-USDT,15min,LONG,5107.512409999999,5121.47638,5104.95865379,5104.95865379,SL,,-0.05000000009787422,LOSS,,1,0.3402358840279541,-0.07190212583348805,2026-02-22T13:36:42.684345,5.468012156104169,13,76.3
XAUT-USDT,15min,LONG,5114.689579999999,5121.47638,5112.13223521,5121.47638,TP,,0.13269231482863067,WIN,,1,0.17440784744556048,-0.0533674616475798,2026-02-22T14:23:11.647610,2.653846296572965,13,73.1
XAUT-USDT,15min,LONG,5114.87977,5121.47638,5112.32233011,5121.47638,TP,,0.1289690138699098,WIN,,1,0.17068299535025278,-0.0570838442210249,2026-02-22T14:23:37.479515,2.5793802723554604,13,73.1
XAUT-USDT,15min,LONG,5114.84974,5121.47638,5112.29231513,5121.47638,TP,,0.12955688508652863,WIN,,1,0.17127111147550578,-0.05649706534682327,2026-02-22T14:24:27.814736,2.5911377017310557,13,73.1
XAUT-USDT,15min,LONG,5116.000889999999,5121.47638,5113.44288955,5121.47638,TP,,0.10702676011459253,WIN,,1,0.14873160039658104,-0.07898532636884098,2026-02-22T14:26:18.490099,2.1405351981080325,13,72.2
XAUT-USDT,15min,LONG,5116.000889999999,5121.47638,5113.44288955,5121.47638,TP,,0.10702676011459253,WIN,,1,0.14873160039658104,-0.07898532636884098,2026-02-22T14:26:38.685154,2.1405351981080325,13,72.2
XAUT-USDT,15min,LONG,5116.511399999999,5121.47638,5113.9531443,5121.47638,TP,,0.09703838439606821,WIN,,1,0.13873906349549542,-0.08895514236515482,2026-02-22T14:27:43.743102,1.940767687921523,13,72.2
XAUT-USDT,15min,LONG,5117.081969999999,5121.47638,5114.52342901,5121.47638,TP,,0.08587726414710511,WIN,,1,0.12757329349563654,-0.10009552377757275,2026-02-22T14:29:17.715459,1.717545279585925,13,72.2
XAUT-USDT,15min,LONG,5125.20008,5130.0,5121.61650857,5121.61650857,SL,,-0.06992061527477403,LOSS,,1,-0.08136423817428551,-0.2583329390722943,2026-02-22T15:15:31.364621,1.3394235593628006,13,78.0
XAUT-USDT,15min,LONG,5125.099979999999,5130.0,5121.51640857,5121.51640857,SL,,-0.06992198091712566,LOSS,,1,-0.0794126946963346,-0.25638485202778455,2026-02-22T15:16:08.950103,1.3673565870576296,13,78.0
XAUT-USDT,30min,LONG,5119.974859999999,5130.0,5115.07914571,5115.07914571,SL,,-0.0956198892351393,LOSS,,1,0.7485415660810654,-0.4458002358238087,2026-02-22T18:43:40.214016,2.0477379632332546,13,72.1
XAUT-USDT,30min,LONG,5119.204089999999,5130.0,5114.30837571,5114.30837571,SL,,-0.09563428618840197,LOSS,,1,0.7637107119126583,-0.43081091537414434,2026-02-22T18:44:32.023661,2.2051756638460507,13,72.1
XAUT-USDT,30min,LONG,5119.204089999999,5130.0,5114.30837571,5114.30837571,SL,,-0.09563428618840197,LOSS,,1,0.7637107119126583,-0.43081091537414434,2026-02-22T18:45:22.589691,2.2051756638460507,13,72.1
XLM-USDT,15min,LONG,0.15565549999999997,0.16166,0.15509121,0.15509121,SL,,-0.3625249348721808,LOSS,,3,0.028588774569501645,-0.8065889094827777,2026-02-22T18:28:21.679751,10.640805259707546,13,77.7
XLM-USDT,15min,LONG,0.15565549999999997,0.16166,0.15509121,0.15509121,SL,,-0.3625249348721808,LOSS,,3,0.028588774569501645,-0.8065889094827777,2026-02-22T18:29:31.315341,10.640805259707546,13,77.7
XLM-USDT,30min,LONG,0.15545529999999996,0.1621316,0.1547053,0.1547053,SL,,-0.4824537986160479,LOSS,,4,0.028754246397540893,-0.6788446582393484,2026-02-22T18:26:36.812923,8.901733333333686,13,75.0
XLM-USDT,30min,LONG,0.15565549999999997,0.1621316,0.15489836,0.15489836,SL,,-0.48642033207947155,LOSS,,4,-0.09990009990008392,-0.8065889094827777,2026-02-22T18:28:03.094815,8.553339622641348,13,75.0
XLM-USDT,30min,LONG,0.15565549999999997,0.1621316,0.15489121,0.15489121,SL,,-0.4910138093417664,LOSS,,4,-0.09990009990008392,-0.8065889094827777,2026-02-22T18:28:24.194932,8.473401869158861,13,75.0
